1960,3039,515,190,224,2471,219,144,180,1090,144,109,232,324,98,85,147,84,60,285
7427,718,426,359,250,202,169,167,154,124,102,98,82,85,67,56,63,49,45,957
8596,393,294,208,171,137,108,101,80,83,73,71,62,69,55,48,58,44,40,909
9183,293,175,176,132,105,77,77,75,56,47,49,40,44,46,56,44,36,32,857
9544,228,145,137,128,81,76,53,41,46,45,30,38,33,30,29,28,41,35,812
9788,178,109,112,97,70,60,44,56,43,49,29,29,20,36,21,36,26,25,772
9973,148,87,91,77,62,60,53,49,41,20,26,21,27,20,21,24,23,28,749
10121,151,73,74,71,54,57,39,48,29,24,35,21,25,13,23,23,13,18,688
10266,115,80,64,57,54,33,35,24,26,20,39,22,28,19,17,7,14,25,655
10335,104,74,54,50,46,40,29,29,23,33,22,34,23,13,16,19,9,16,631
10407,105,72,34,45,45,41,36,30,31,37,23,17,20,19,20,11,11,18,578
10478,96,71,36,33,32,28,29,41,23,35,19,8,19,24,10,14,12,16,576
10533,85,57,42,25,25,29,34,22,27,20,24,19,18,10,9,8,7,11,595
10594,76,67,30,31,35,35,22,31,21,22,18,19,20,14,13,7,4,11,530
10635,70,68,39,24,24,25,29,23,9,23,28,16,8,16,9,10,6,10,528
10676,76,47,33,26,26,30,19,16,19,21,19,17,14,12,19,11,11,10,498
10717,58,45,26,28,27,30,19,15,21,13,18,18,18,11,7,13,7,9,500
10752,56,49,28,24,17,22,22,23,14,21,19,16,16,15,12,8,13,5,468
10776,54,41,38,23,16,12,21,14,13,18,20,21,14,15,13,12,4,6,469
10788,55,59,28,25,18,15,23,13,12,17,11,12,8,17,5,10,9,7,468
10808,56,40,31,22,16,15,18,18,15,16,12,15,15,14,9,9,7,8,456
10833,54,32,22,18,28,13,16,15,10,14,18,14,14,15,15,7,10,7,445
10856,44,45,23,15,19,14,12,15,14,16,8,12,10,15,9,6,10,7,450
10881,40,31,20,24,14,9,11,22,10,13,13,15,14,15,6,11,7,5,439
10886,37,37,22,20,21,12,8,16,12,23,16,15,11,15,5,10,5,3,426
10917,39,33,18,13,13,16,11,14,9,16,12,12,6,13,7,8,7,9,427
10953,35,30,20,12,15,16,12,9,6,13,12,16,8,9,7,12,8,10,397
10962,30,37,20,15,17,13,12,10,6,9,11,15,6,12,10,11,7,10,387
10984,23,37,22,10,10,8,16,9,8,8,7,5,11,13,8,12,10,9,390
11004,23,27,20,10,13,11,14,6,9,13,5,14,10,11,7,10,10,7,376
11014,21,29,23,10,18,12,10,12,16,9,7,13,11,10,8,8,2,5,362
11009,30,36,16,16,14,12,9,12,6,9,7,9,14,10,10,3,3,8,367
11024,24,30,21,13,7,6,6,6,5,10,7,13,16,14,10,4,5,5,374
11028,22,39,14,13,7,7,6,11,12,10,12,6,13,8,9,11,4,1,367
11037,23,32,23,9,10,5,11,6,11,12,6,3,15,13,10,8,4,1,361
11044,20,30,27,10,8,4,6,5,12,8,10,7,13,7,11,6,5,1,366
11061,21,22,21,6,7,3,5,4,7,5,17,10,18,8,15,4,5,4,357
11067,16,27,24,9,8,6,4,3,7,5,10,13,14,11,17,2,6,3,348
11076,21,26,21,10,4,8,6,6,7,7,15,9,8,11,12,4,6,6,337
11086,18,21,14,17,10,9,3,3,7,9,9,7,9,13,9,4,2,6,344
11093,23,22,15,15,9,7,1,3,6,6,4,10,9,12,12,7,1,6,339
11097,15,25,18,13,9,6,5,5,5,7,8,9,13,8,13,5,2,5,332
11109,8,27,17,15,8,5,5,2,10,9,7,10,10,11,13,1,2,8,323
11121,4,27,14,9,7,9,4,3,11,6,5,10,12,7,13,3,3,7,325
11125,6,21,16,7,8,9,5,4,10,6,10,11,11,9,13,4,4,4,317
11127,11,25,19,8,5,7,6,4,6,5,9,5,12,5,7,7,6,1,325
11129,13,19,19,12,7,6,8,7,6,5,6,6,12,5,8,9,6,6,311
11141,14,20,15,8,9,4,3,3,1,8,6,7,11,7,9,10,4,8,312
11140,13,20,17,7,6,6,4,5,2,6,8,7,8,9,5,10,9,5,313
11145,13,16,17,11,4,5,5,6,4,4,8,5,7,12,3,8,6,7,314
11147,8,13,24,4,6,7,6,6,4,8,3,6,6,9,5,7,9,6,316
11154,9,14,20,4,3,7,4,5,4,7,6,7,8,8,11,11,5,6,307
11156,7,11,21,6,7,9,3,3,5,5,4,10,7,10,12,10,3,8,303
11163,12,17,17,4,5,6,4,1,6,6,4,11,8,6,6,8,5,8,303
11163,10,13,16,6,8,7,5,2,3,6,6,10,9,3,9,10,6,7,301
11166,10,14,17,4,11,7,6,3,6,1,5,5,9,3,9,6,5,7,306
11168,9,11,19,8,7,2,5,5,7,1,5,5,8,6,9,12,6,3,304
11176,10,12,16,7,6,1,3,2,6,2,6,9,7,3,12,12,5,4,301
11178,8,13,18,5,6,1,3,2,5,3,5,10,11,9,7,10,4,4,298
11177,5,18,18,5,5,1,2,3,6,2,3,8,8,11,6,11,6,7,298
11176,5,23,18,7,6,1,2,1,5,3,2,5,13,9,7,8,6,5,298
11184,6,20,7,7,9,4,4,2,3,6,1,4,18,5,8,9,3,2,298
11191,14,12,6,8,9,4,3,4,4,3,3,3,14,3,10,13,1,2,293
11195,14,12,9,7,7,2,2,2,3,2,4,1,9,3,9,10,4,2,303
11204,6,7,11,6,11,2,1,1,2,2,5,3,6,8,6,9,5,3,302
11199,9,11,14,3,8,3,2,2,4,2,5,4,6,12,4,12,5,5,290
11206,8,16,13,5,6,2,3,5,2,2,6,5,7,10,5,11,4,3,281
11212,6,14,22,7,6,4,5,5,3,3,7,4,6,7,6,6,1,7,269
11213,6,14,19,5,6,7,2,4,3,3,7,2,4,9,5,6,2,4,279
11218,10,15,17,6,5,3,2,4,3,4,3,3,9,4,8,10,3,8,265
11221,9,13,20,4,5,4,2,4,4,4,1,3,10,4,7,9,5,6,265
11221,8,15,19,4,6,5,2,2,3,0,3,5,6,5,9,9,7,5,266
11221,9,14,22,4,8,4,1,3,1,1,1,4,3,6,9,9,6,4,270
11233,5,7,16,3,9,4,1,2,3,1,0,2,1,6,8,14,8,5,272
11237,9,6,18,2,9,3,0,1,3,1,0,6,6,4,9,14,5,4,263
11229,10,7,18,3,5,3,0,1,5,1,0,8,6,7,9,11,7,6,264
11234,8,9,20,3,7,1,0,2,2,1,0,4,9,2,9,9,7,5,268
11243,8,12,19,2,7,3,1,2,1,0,0,4,4,6,12,5,5,4,262
11240,11,13,19,4,5,3,0,1,0,0,2,4,3,4,12,5,4,3,267
11240,12,9,20,4,5,4,1,1,3,1,4,4,6,2,8,8,5,2,261
11252,8,9,11,7,4,2,0,0,3,2,2,2,4,6,5,12,4,5,262
11256,3,11,12,6,4,2,0,0,1,3,3,0,9,5,5,10,5,6,259
11156,5,13,11,5,5,1,1,0,0,2,4,0,8,7,8,12,3,6,253
11157,8,8,17,3,3,0,0,1,0,0,5,1,8,7,7,16,0,7,252
11159,5,9,17,3,2,0,2,1,0,0,5,1,3,6,8,15,2,6,256
11159,4,7,19,3,2,1,0,0,0,1,4,4,6,4,6,17,3,2,258
11159,8,7,17,3,2,2,0,0,2,0,2,2,6,4,10,16,3,5,252
11064,3,7,15,4,2,3,0,0,2,0,4,2,5,5,11,16,2,6,249
11071,1,8,15,3,5,3,3,0,1,0,3,2,4,6,10,12,6,6,241
11071,0,10,24,4,3,4,3,0,1,1,3,3,7,5,9,12,4,6,230
11071,1,13,25,4,1,6,3,0,0,1,2,1,6,4,8,7,3,6,238
11068,4,11,22,4,3,6,2,0,0,2,2,1,5,4,6,10,3,7,240
11072,4,10,19,6,2,5,2,0,0,1,2,2,4,4,5,11,3,8,240
11080,6,9,16,5,2,4,2,1,0,0,1,0,3,5,7,9,4,7,239
10979,4,5,17,4,2,2,5,0,1,0,0,2,3,4,5,12,4,8,243
10976,6,6,21,3,0,2,6,0,1,1,2,4,3,4,3,13,4,7,238
10980,5,7,22,3,2,3,3,0,2,1,0,4,3,6,4,14,6,4,231
10986,6,4,20,2,2,1,1,1,2,2,1,1,4,3,6,19,3,6,230
10888,10,4,25,3,2,0,1,1,0,1,2,0,2,4,6,14,6,4,227
10891,9,5,25,2,2,0,2,2,0,0,2,1,2,3,6,11,6,3,228
10896,10,6,18,2,1,2,1,1,0,0,2,1,1,2,5,11,8,4,229
10900,6,5,22,2,2,2,1,0,0,0,4,2,2,2,6,10,5,2,227
10905,7,7,17,5,2,3,0,0,0,0,3,2,3,1,6,6,5,4,224
10903,6,7,15,4,5,3,0,0,0,1,2,1,4,2,4,8,4,5,226
10906,6,7,16,3,4,3,1,0,0,1,2,1,3,4,2,8,4,5,224
10910,5,8,16,2,5,2,1,1,0,1,2,1,5,4,1,8,4,7,217
10916,5,4,16,3,2,2,0,0,0,0,1,3,7,3,2,9,6,3,218
10913,6,4,15,1,4,1,1,0,0,0,3,2,5,2,3,10,7,2,221
10915,4,4,15,1,4,2,2,0,0,0,3,1,1,4,2,12,6,1,223
10912,4,4,22,3,7,1,3,0,0,1,4,1,1,5,1,9,4,3,215
10914,4,5,20,2,7,1,4,2,0,0,3,0,1,5,1,12,3,3,213
10915,5,5,17,2,7,0,2,1,1,0,2,0,2,2,1,14,3,3,218
10915,3,4,16,2,7,3,2,1,0,0,2,0,4,3,2,12,3,2,219
10913,6,2,19,4,5,4,0,1,0,0,2,0,4,3,2,14,2,1,218
10915,7,2,15,2,4,3,0,0,0,1,2,0,7,4,2,11,2,3,220
10914,5,4,18,0,7,3,1,0,0,1,0,2,6,5,2,10,4,2,216
10920,3,2,17,0,6,5,0,0,0,1,1,3,7,5,3,12,3,2,210
10922,5,3,16,1,4,3,0,0,0,0,1,2,9,3,2,13,2,4,210
10824,3,6,15,4,4,3,0,1,0,0,1,2,6,2,4,11,1,5,208
10825,4,6,15,3,3,2,1,1,1,1,1,2,6,1,1,13,1,5,208
10728,3,3,17,3,3,2,0,3,3,1,0,3,6,4,1,13,1,2,204
10631,5,3,14,2,3,1,0,3,1,0,0,3,7,5,0,12,0,3,207
10631,2,5,14,2,2,1,1,3,0,0,0,2,7,4,2,14,0,2,208
10632,3,7,12,2,3,1,1,2,1,0,0,4,4,2,2,14,1,3,206
10634,0,4,13,2,2,1,1,1,1,1,0,4,4,2,2,15,1,2,210
10633,2,2,13,2,3,1,0,0,0,1,0,5,4,2,4,12,0,2,214
10631,4,4,13,3,2,0,0,0,0,1,1,2,5,2,5,16,1,2,208
10634,2,4,13,1,1,1,0,0,0,1,0,1,6,2,3,15,1,3,212
10634,3,7,15,1,0,1,0,0,0,0,1,0,4,0,5,13,0,3,213
10639,2,4,17,0,2,1,0,0,0,0,0,1,4,1,2,11,0,4,212
10641,2,2,23,0,1,0,0,1,0,0,0,1,3,2,3,12,0,2,207
10637,1,5,25,2,2,2,0,0,0,0,0,1,2,1,2,11,0,0,209
10641,2,3,24,3,3,2,0,0,1,1,0,2,1,1,2,10,0,0,204
10642,2,4,25,3,4,2,0,0,1,1,0,1,2,2,2,9,2,1,197
10643,3,5,21,3,2,3,1,0,1,0,0,2,1,3,3,12,1,2,194
10642,4,5,23,1,3,1,2,0,1,0,0,4,1,1,3,15,3,0,191
10647,4,5,21,1,2,1,1,0,0,1,0,1,2,2,2,13,1,0,196
10650,4,5,20,0,2,1,1,0,0,0,0,4,2,2,1,11,0,0,197
10653,4,4,16,0,3,0,1,0,0,0,1,4,3,1,1,12,0,0,197
10554,3,4,12,0,1,0,0,0,0,1,1,4,1,1,3,11,0,0,204
10457,2,5,10,0,2,0,0,0,0,0,1,4,2,0,3,11,0,1,202
10455,2,5,11,1,2,0,0,0,0,0,2,1,3,1,1,11,0,1,204
10454,1,5,14,0,2,1,0,0,0,0,1,1,3,1,1,13,0,2,201
10451,1,5,13,0,2,1,0,0,0,0,1,2,2,1,0,12,1,1,207
10454,0,8,12,1,3,3,0,0,0,0,1,1,1,0,0,13,1,1,201
10454,0,6,18,1,2,2,1,0,0,0,0,0,3,1,0,15,1,0,196
10453,1,3,18,3,3,2,0,0,0,0,0,0,4,2,0,12,1,0,198
10456,2,2,13,2,3,1,2,0,0,0,0,0,3,2,0,16,1,1,196
10455,3,3,14,3,3,2,1,0,0,0,0,0,3,1,0,15,0,1,196
10458,4,3,11,2,1,2,1,0,0,0,0,1,6,2,1,11,0,1,196
10458,4,4,14,2,1,2,1,0,0,0,0,0,3,2,3,11,0,2,193
10359,2,4,12,2,2,2,1,0,0,0,0,0,2,2,2,9,1,3,197
10260,4,3,12,1,2,0,3,0,0,0,0,1,1,1,0,7,2,2,201
10263,2,4,12,0,1,0,4,0,0,0,0,1,0,2,0,8,1,1,201
10264,1,5,11,1,2,1,2,0,0,0,0,0,1,2,2,10,0,0,198
10262,2,4,15,1,2,1,2,0,0,0,0,0,0,2,1,12,1,0,195
10261,2,2,16,2,1,1,2,0,0,0,0,1,0,1,2,10,0,0,199
10262,4,2,15,2,1,0,2,0,0,0,1,0,1,1,2,13,0,1,193
10066,2,1,11,1,0,0,2,0,0,0,1,1,1,1,1,14,1,1,196
10066,1,1,11,3,0,0,1,0,0,0,1,1,1,0,0,15,1,1,197
10068,1,1,9,3,1,0,0,2,0,0,1,1,2,0,0,14,1,2,194
10066,1,3,14,1,1,1,0,2,0,1,1,0,2,0,2,13,0,0,192
10070,1,2,9,2,0,1,0,2,0,1,2,0,2,0,1,15,0,1,191
9971,0,2,12,2,0,1,0,2,0,0,2,0,1,0,3,16,1,1,186
9972,2,2,14,2,2,0,0,1,0,0,1,2,1,0,4,14,0,0,183
9973,3,3,15,2,1,0,0,0,0,0,0,2,0,0,4,14,0,0,183
9975,1,2,14,1,2,0,0,0,0,0,0,4,0,0,3,16,1,0,181
9876,0,1,10,0,1,1,0,0,0,0,0,4,1,0,4,16,1,1,184
9779,0,2,8,0,1,3,0,0,1,0,0,3,1,0,3,16,0,0,183
9779,3,1,8,0,2,1,0,0,0,0,0,2,2,0,3,21,0,0,178
9777,3,3,11,0,1,1,0,0,0,0,1,1,0,0,3,17,2,0,180
9677,3,3,16,0,2,1,0,0,0,2,0,1,0,0,1,17,1,1,175
9680,2,4,15,0,2,1,1,0,0,1,0,2,0,0,1,15,1,2,173
9681,1,2,15,0,1,0,1,0,0,1,0,1,1,0,1,14,1,3,177
9679,1,3,16,0,0,1,1,0,0,1,0,1,0,0,1,14,0,4,178
9678,1,2,17,0,0,0,0,0,0,1,0,1,0,0,3,13,0,2,182
9681,1,2,16,0,0,0,0,0,0,1,0,2,1,1,2,12,0,2,179
9686,1,1,15,0,0,0,0,0,0,0,0,3,2,1,2,11,0,2,176
9685,0,1,17,1,0,0,0,0,0,0,0,3,6,1,0,11,0,0,175
9685,0,3,17,1,0,0,0,0,0,0,0,2,3,1,0,10,0,0,178
9687,0,4,13,1,0,0,1,0,0,0,1,2,3,1,2,11,1,0,173
9686,0,7,11,1,0,0,1,0,0,0,0,1,3,1,1,11,1,0,176
9688,1,3,10,1,0,0,0,0,0,0,0,2,4,2,1,10,1,0,177
9689,1,3,8,1,0,0,0,0,0,0,0,2,2,2,2,11,1,0,178
9689,0,2,11,1,0,0,0,0,0,0,0,2,1,1,2,12,1,0,178
9690,1,1,12,2,0,0,0,0,0,0,0,2,2,1,2,14,0,1,172
9597,0,3,8,1,1,0,0,0,0,0,0,1,2,0,1,14,0,1,171
9595,0,3,8,2,1,0,0,0,0,0,0,1,2,0,0,12,0,1,175
9593,0,4,6,2,3,1,0,0,0,0,0,1,2,0,0,17,0,1,170
9594,0,3,8,0,2,1,0,0,0,0,0,1,2,0,2,13,0,1,173
9593,1,2,6,0,3,0,0,0,0,1,0,1,2,0,2,11,0,0,178
9594,2,1,6,0,2,0,0,0,1,1,0,1,0,0,1,13,0,0,178
9597,2,0,7,0,1,0,0,0,0,0,1,0,2,0,1,14,0,0,175
9596,3,0,8,0,1,0,0,0,0,0,1,0,0,0,1,13,1,1,175
9595,2,1,8,1,1,0,0,0,0,1,0,0,0,0,2,13,1,1,174
9399,1,0,10,2,0,0,1,0,0,1,0,2,0,0,3,15,0,0,166
9402,2,1,10,1,0,0,0,0,0,2,1,1,0,0,4,10,0,1,165
9397,2,3,14,1,0,0,0,0,0,1,1,0,0,0,3,9,0,1,168
9397,2,2,13,1,1,0,0,0,0,1,1,0,0,0,3,8,1,1,169
9399,2,2,14,1,1,0,0,0,0,1,1,0,0,0,3,7,0,2,167
9399,2,2,12,0,2,0,0,0,0,0,0,0,1,0,2,7,0,2,171
9401,2,0,13,0,2,0,0,0,0,0,0,0,1,1,2,8,0,1,169
9402,2,0,15,0,2,0,0,0,0,1,0,0,1,1,0,7,0,1,168
9401,2,0,13,0,1,0,0,0,0,1,0,1,1,0,0,9,0,1,170
9401,0,1,15,0,1,1,0,0,0,0,0,1,1,0,0,13,0,1,165
9402,0,1,14,0,1,1,0,0,0,0,0,1,1,0,0,12,0,0,167
9404,0,1,15,0,1,1,0,0,0,0,0,0,0,0,0,14,0,0,164
9307,0,0,12,0,1,1,0,0,0,0,0,0,0,0,2,15,0,0,162
9309,2,1,12,0,0,1,0,0,0,0,0,0,0,1,3,12,0,0,159
9211,2,1,11,0,0,1,0,0,0,0,1,0,0,1,2,13,0,1,156
9111,2,0,11,0,0,1,0,0,0,0,1,1,0,0,1,14,0,1,157
9110,1,0,11,0,0,2,0,0,0,0,1,1,1,0,1,14,0,0,158
9110,0,0,14,0,0,2,0,0,0,0,1,1,1,0,0,14,0,0,157
9108,0,1,16,0,0,2,0,1,0,0,1,1,1,0,0,14,0,0,155
9110,0,0,16,0,0,2,0,1,0,0,1,0,1,0,0,12,0,0,157
9013,0,1,16,0,2,1,0,1,0,0,1,0,0,0,0,11,0,0,154
8915,4,1,17,0,1,1,0,0,0,0,1,0,0,1,0,9,0,0,150
8916,4,1,17,0,1,1,0,0,0,0,1,1,0,0,0,9,0,1,148
8919,3,2,15,0,1,0,0,0,0,0,0,1,0,0,0,11,0,1,147
8919,3,0,15,0,0,0,0,0,0,0,0,2,1,0,0,13,0,1,146
8920,1,1,13,0,0,0,0,0,0,0,0,1,1,0,1,15,0,1,146
8923,1,1,13,0,0,1,0,0,0,0,1,0,0,0,2,13,0,1,144
8822,1,0,13,0,0,1,0,0,0,0,2,0,2,1,2,14,0,2,140
8821,1,0,13,0,0,0,0,0,0,0,2,0,0,1,0,12,0,2,148
8723,0,1,13,0,0,0,0,0,0,0,0,0,0,2,1,11,0,2,147
8627,0,1,13,0,1,0,0,0,0,0,0,0,0,1,1,11,0,1,144
8627,0,0,14,0,1,0,0,0,0,0,0,0,0,1,1,12,0,1,143
8627,0,1,7,0,1,0,0,0,0,0,0,0,0,0,1,12,0,1,150
8629,0,1,6,1,0,0,0,0,0,0,0,0,0,0,1,13,1,0,148
8532,0,1,8,0,0,0,0,0,0,0,0,0,0,0,0,9,1,0,149
8533,0,1,9,0,0,0,0,0,0,0,0,0,0,0,0,8,1,0,148
8532,0,0,12,1,0,0,0,0,0,0,0,0,0,0,0,11,1,0,143
8531,0,0,12,1,0,0,0,0,1,0,0,1,0,0,0,16,1,0,137
8533,0,0,9,0,0,0,0,0,0,0,0,0,1,0,0,13,1,0,143
8433,0,0,9,0,0,0,0,0,0,0,0,0,1,0,0,12,1,0,144
8432,0,0,8,0,0,0,0,0,0,1,0,0,2,0,1,11,1,0,144
8434,0,0,10,0,0,0,0,0,0,1,0,0,1,0,0,11,0,0,143
8432,0,0,12,0,0,0,0,0,0,1,0,0,1,0,0,9,0,1,144
8337,0,0,5,0,0,1,0,0,0,1,0,0,1,1,0,9,0,2,143
8237,0,0,8,0,0,1,0,0,0,1,0,0,1,1,0,11,0,2,138
8237,0,1,7,0,0,1,0,0,0,1,0,0,0,0,0,11,0,2,140
8134,0,1,7,0,0,1,0,0,0,1,0,0,0,0,0,9,0,2,145
8132,0,1,10,0,1,0,0,0,0,0,0,0,0,0,1,9,0,1,145
8132,0,1,13,0,1,0,0,0,0,0,0,0,0,1,2,10,0,0,140
8130,1,1,11,0,0,0,0,0,0,0,0,0,0,1,2,9,0,0,145
8033,1,1,10,0,0,0,0,0,0,0,0,0,2,1,1,14,0,0,137
7936,0,3,11,0,0,0,0,0,0,0,0,0,0,0,1,11,0,1,137
7938,0,3,10,0,0,0,0,0,0,0,0,0,0,0,1,11,0,1,136
7939,0,2,14,0,0,0,0,0,0,0,0,0,0,0,1,9,0,1,134
7940,0,2,13,0,0,0,0,0,0,0,0,0,0,0,0,9,0,0,136
7842,0,0,15,0,0,0,0,0,0,0,0,0,0,0,0,9,0,0,134
7842,0,0,13,0,0,0,0,0,0,0,0,0,0,1,0,7,0,0,137
7841,0,1,12,0,0,0,0,0,0,0,0,1,0,0,0,8,0,0,137
7843,0,1,14,0,0,0,0,0,0,0,0,0,0,0,1,8,0,0,133
7744,0,0,14,0,0,0,0,0,0,0,0,0,0,0,0,7,0,1,134
7743,0,0,17,0,0,0,0,0,0,0,0,0,0,0,0,8,0,0,132
7644,0,0,16,0,0,0,0,0,0,0,0,0,0,0,0,11,0,0,129
7647,0,0,10,0,0,0,0,0,0,0,0,0,1,1,0,11,0,0,130
7646,0,0,11,1,0,0,0,0,0,0,0,0,1,1,0,9,0,0,131
7649,0,0,8,0,0,2,0,0,0,0,0,0,1,0,0,10,0,0,130
7648,0,0,10,0,0,2,0,0,0,0,0,1,1,0,0,11,0,0,127
7649,0,0,9,0,0,2,0,0,0,0,0,1,1,0,0,11,0,0,127
7650,0,0,9,0,0,2,0,0,0,0,0,0,2,0,0,11,0,0,126
7551,0,0,11,0,0,1,0,0,0,0,0,0,2,1,2,14,0,0,118
7452,0,0,8,0,0,0,0,0,0,0,0,0,2,1,1,12,0,0,124
7451,0,1,12,0,0,1,0,0,0,0,0,0,1,1,0,14,0,1,118
7450,0,0,14,0,0,1,0,0,0,0,0,0,0,1,0,9,1,0,124
7156,0,0,12,0,0,0,0,0,0,0,0,0,0,1,0,11,1,0,119
7156,0,0,10,0,0,0,0,0,0,0,0,0,0,1,0,10,1,0,122
7058,0,0,9,0,0,0,0,0,0,0,0,0,0,1,0,8,1,0,123
7057,0,0,8,1,0,0,0,0,0,0,0,0,0,0,0,9,0,1,124
7056,0,0,8,1,0,0,1,0,0,0,0,0,0,0,0,8,0,1,125
7056,0,0,11,1,0,0,1,0,0,0,0,0,0,0,0,8,0,0,123
7054,0,0,10,1,0,0,1,0,1,0,0,0,0,0,0,7,0,1,125
7056,1,0,8,1,0,0,0,0,1,0,0,0,0,0,0,10,0,2,121
7056,0,0,10,0,0,0,0,0,1,0,0,0,1,0,1,10,0,0,121
7059,1,0,10,1,0,0,0,0,0,0,0,0,1,0,0,8,0,0,120
7059,1,0,10,1,0,1,0,0,0,1,0,0,1,0,0,7,0,0,119
7058,1,0,10,1,0,2,0,0,0,1,0,0,1,0,0,6,0,0,120
7057,1,0,7,1,0,1,0,1,0,0,0,0,1,0,0,6,0,0,125
7057,1,0,7,1,0,1,0,0,0,0,0,0,0,0,0,5,0,0,128
6961,0,0,6,1,0,1,0,0,0,0,0,0,0,0,0,6,0,0,125
6959,0,0,6,1,0,2,0,0,0,0,0,0,0,1,0,8,0,1,122
6959,1,0,6,1,0,1,0,0,0,0,0,0,0,0,1,10,0,1,120
6861,0,0,3,1,0,1,0,0,0,0,0,0,0,0,2,9,0,0,123
6762,0,0,4,1,0,1,0,0,0,0,0,0,0,0,1,8,0,1,122
6762,0,0,4,2,0,1,0,0,0,0,0,0,0,0,1,9,0,1,120
6763,0,0,5,2,0,1,0,0,0,0,0,1,0,0,1,9,0,0,118
6763,0,0,4,2,1,0,0,0,0,0,0,1,0,0,0,12,0,0,117
6763,0,0,4,2,1,0,0,0,0,0,0,1,0,0,0,8,0,0,121
6764,0,0,5,2,0,0,0,0,0,0,0,1,0,0,0,10,0,0,118
6763,0,0,7,2,0,0,0,0,0,0,0,1,0,0,0,9,0,0,118
6762,1,0,7,1,0,0,0,0,0,0,0,1,0,0,0,11,0,0,117
6766,0,0,5,1,0,1,0,0,0,0,0,1,0,0,0,11,0,0,115
6767,0,0,6,1,0,2,0,0,0,0,0,1,0,0,0,10,0,0,113
6767,1,0,4,1,0,1,0,0,0,0,0,1,0,0,0,8,0,0,117
6667,1,0,4,1,0,1,0,0,0,0,0,1,0,0,0,9,0,0,116
6667,1,0,7,1,0,1,0,0,0,0,0,1,0,0,0,7,0,0,115
6670,1,0,6,0,0,1,0,0,0,0,0,1,0,0,0,8,0,0,113
6669,1,0,8,0,0,1,0,0,0,0,0,1,0,0,0,8,0,0,112
6570,1,0,8,0,0,1,0,0,0,0,0,1,0,0,0,10,0,0,109
6571,1,0,10,0,1,0,0,0,0,0,0,1,0,0,0,9,0,0,107
6572,1,0,11,0,1,0,0,0,0,0,0,1,0,0,0,8,0,0,106
6575,1,0,9,0,1,0,0,0,0,0,0,1,0,0,0,8,0,0,105
6575,1,0,9,0,1,0,0,0,0,0,0,1,0,0,0,7,0,0,106
6572,1,0,11,0,1,0,0,0,0,0,0,1,0,0,1,8,0,0,105
6572,2,1,14,0,0,0,0,0,0,0,0,0,0,0,2,5,0,0,104
6575,2,0,10,0,0,0,0,0,0,0,0,0,0,1,2,6,0,0,104
6476,1,0,8,0,0,0,0,0,0,0,0,0,0,1,2,7,0,0,105
6280,1,0,8,0,0,0,0,0,0,0,0,0,0,1,1,7,0,0,102
6280,1,0,5,0,0,0,0,0,0,0,0,0,0,0,1,7,0,0,106
6280,1,0,4,0,0,0,0,0,0,0,0,0,0,0,1,10,1,0,103
6281,1,0,4,0,0,0,0,0,0,0,0,0,0,0,1,9,1,0,103
6280,1,0,4,0,0,0,0,0,0,0,0,0,0,0,1,12,1,0,101
6283,0,0,7,0,0,0,0,0,0,0,0,0,0,0,0,9,1,0,100
6085,0,0,6,0,0,0,0,0,0,0,0,0,0,0,0,10,1,0,98
6085,0,0,5,0,0,0,0,0,0,0,0,0,0,0,0,12,1,0,97
6084,0,0,5,0,0,0,0,0,0,0,0,0,0,0,0,11,1,0,99
6084,0,0,6,0,0,0,0,0,0,0,0,0,0,0,0,8,1,0,101
6084,0,0,7,0,0,0,0,0,0,0,0,0,0,0,0,9,1,0,99
6082,0,0,6,0,0,0,0,0,0,0,0,0,1,0,0,6,1,0,104
6080,0,0,7,0,0,0,0,0,0,0,0,0,1,0,0,5,1,0,106
6079,0,0,10,0,0,0,0,0,0,0,0,0,2,0,0,4,1,0,104
6079,0,0,10,0,0,0,0,0,0,0,0,0,2,0,0,6,1,0,102
6080,0,1,10,0,0,0,0,0,0,0,0,0,0,0,0,4,0,0,105
6081,0,1,7,0,0,0,0,0,0,0,0,0,0,0,0,6,0,0,105
6080,0,1,8,0,0,0,0,0,0,0,0,0,0,1,1,5,0,0,104
6081,0,0,8,0,0,0,0,0,0,0,0,0,0,1,1,3,0,0,106
6082,0,0,6,0,0,0,0,0,0,0,0,0,0,0,1,4,0,0,107
6081,0,0,5,0,0,0,0,0,0,0,0,0,0,0,1,6,0,0,107
6079,0,0,6,0,0,0,0,0,1,0,0,0,0,0,0,5,0,0,109
6078,0,0,6,0,0,0,0,0,1,0,0,0,0,0,0,4,0,1,110
5979,0,0,10,0,0,0,0,0,1,0,0,0,0,0,0,2,0,0,108
5982,0,0,8,0,0,0,0,0,1,0,0,0,0,0,0,4,0,0,105
5983,0,0,7,0,0,0,0,0,0,0,0,0,0,0,0,4,0,0,106
5982,0,0,8,0,0,0,0,0,0,0,0,0,0,0,0,7,0,0,103
5983,0,0,10,0,0,0,0,0,0,0,0,0,0,0,0,6,0,0,101
5983,0,0,9,0,0,0,0,0,0,0,0,0,0,0,0,7,0,0,101
5983,0,0,8,0,0,0,0,0,0,0,0,0,0,0,0,7,0,0,102
5983,0,0,9,0,0,0,0,0,0,0,0,0,0,0,0,7,0,0,101
5983,0,0,11,0,0,0,0,0,0,0,0,0,0,0,0,5,0,0,101
5986,0,0,8,0,0,0,0,0,0,0,0,0,0,0,0,6,0,0,100
5983,0,0,7,0,0,0,0,0,0,0,0,0,0,0,0,8,0,0,102
5984,0,0,8,0,0,0,0,0,0,0,0,0,0,0,0,9,0,0,99
5984,0,0,7,0,0,0,0,0,0,0,0,0,0,0,0,8,0,0,101
5986,0,0,5,0,0,0,0,0,0,0,0,0,0,0,0,8,0,0,101
5888,0,0,4,0,0,0,0,0,0,0,0,0,0,0,0,11,0,0,97
5789,0,0,4,0,0,0,0,0,0,0,0,0,0,0,0,7,0,0,100
5790,0,0,4,0,0,0,0,0,0,0,0,0,0,0,0,8,0,0,98
5692,0,0,4,0,0,0,0,0,0,0,0,0,0,0,0,9,0,0,95
5593,0,0,5,0,0,0,0,0,0,0,0,0,0,0,0,10,0,0,92
5594,0,0,5,0,0,0,0,0,0,0,0,0,0,0,0,7,0,0,94
5593,0,0,7,0,0,0,0,0,0,0,0,0,0,0,0,8,0,0,92
5593,0,0,6,0,0,0,0,0,0,0,0,0,0,0,0,10,0,0,91
5593,0,0,4,0,0,0,0,0,0,0,0,0,0,0,0,12,0,0,91
5493,0,0,8,0,0,0,0,0,0,0,0,0,0,0,0,7,0,0,92
5394,0,0,6,0,0,0,0,0,0,0,0,0,0,0,0,9,0,0,91
5395,0,0,6,0,0,0,0,0,0,0,0,0,0,0,0,10,0,0,89
5296,0,0,10,0,0,0,0,0,0,0,0,0,0,0,0,7,0,0,87
5297,0,0,9,0,0,0,0,0,0,0,0,0,0,0,0,8,0,0,86
5297,0,0,11,0,0,0,0,0,0,0,0,0,0,0,0,7,0,0,85
5200,0,0,7,0,0,0,0,0,0,0,0,0,0,0,0,6,0,0,87
5201,0,0,5,0,0,0,0,0,0,0,0,0,0,0,0,5,0,0,89
5101,0,0,4,0,0,0,0,0,0,0,0,0,0,0,0,5,0,0,90
5002,0,0,1,0,0,0,0,0,0,0,0,0,0,0,0,7,0,0,90
5002,0,0,1,0,0,0,0,0,0,0,0,0,0,0,0,7,0,0,90
5003,0,0,1,0,0,0,0,0,0,0,0,0,0,0,0,9,0,0,87
5003,0,0,2,0,0,0,0,0,0,0,0,0,0,0,0,7,0,0,88
5004,0,0,3,0,0,0,0,0,0,0,0,0,0,0,0,11,0,0,82
5004,0,0,4,0,0,0,0,0,0,0,0,0,0,0,0,10,0,0,82
5004,0,0,4,0,0,0,0,0,0,0,0,0,0,0,0,10,0,0,82
5004,0,0,5,0,0,0,0,0,0,0,0,0,0,0,0,7,0,0,84
5005,0,0,4,0,0,0,0,0,0,0,0,0,0,0,0,8,0,0,83
4906,0,0,8,0,0,0,0,0,0,0,0,0,0,0,0,6,0,0,80
4907,0,0,10,0,0,0,0,0,0,0,0,0,0,0,0,4,0,0,79
4810,0,0,8,0,0,0,0,0,0,0,0,0,0,0,0,3,0,0,79
4811,0,0,6,0,0,0,0,0,0,0,0,0,0,0,0,3,0,0,80
4811,0,0,7,0,0,0,0,0,0,0,0,0,0,0,0,4,0,0,78
4809,0,0,5,0,0,0,0,0,0,0,0,0,0,0,0,2,0,0,84
4809,0,0,3,0,0,0,0,0,0,0,0,0,0,0,0,4,0,0,84
4807,0,0,4,0,0,0,0,0,0,0,0,0,0,0,0,4,0,0,85
4807,0,0,3,0,0,0,0,0,0,0,0,0,0,0,0,4,0,0,86
4708,0,0,2,0,0,0,0,0,0,0,0,0,0,0,0,4,0,0,86
4707,0,0,2,0,0,0,0,0,0,0,0,0,0,0,0,5,0,0,86
4707,0,0,3,0,0,0,0,0,0,0,0,0,0,0,0,6,0,0,84
4706,0,0,4,0,0,0,0,0,0,0,0,0,0,0,0,5,0,0,85
4706,0,0,5,0,0,0,0,0,0,0,0,0,0,0,0,7,0,0,82
4709,0,0,5,0,0,0,0,0,0,0,0,0,0,0,0,7,0,0,79
4709,0,0,4,0,0,0,0,0,0,0,0,0,0,0,0,7,0,0,80
4610,0,0,5,0,0,0,0,0,0,0,0,0,0,0,0,6,0,0,79
4611,0,0,7,0,0,0,0,0,0,0,0,0,0,0,0,6,0,0,76
4611,0,0,8,0,0,0,0,0,0,0,0,0,0,0,0,5,0,0,76
4513,0,0,8,0,0,0,0,0,0,0,0,0,0,0,0,4,0,0,75
4414,0,0,7,0,0,0,0,0,0,0,0,0,0,0,0,5,0,0,74
4414,0,0,7,0,0,0,0,0,0,0,0,0,0,0,0,6,0,0,73
4416,0,0,5,0,0,0,0,0,0,0,0,0,0,0,0,4,0,0,75
4318,0,0,4,0,0,0,0,0,0,0,0,0,0,0,0,5,0,0,73
4318,0,0,3,0,0,0,0,0,0,0,0,0,0,0,0,6,0,0,73
4318,0,0,5,0,0,0,0,0,0,0,0,0,0,0,0,7,0,0,70
4320,0,0,5,0,0,0,0,0,0,0,0,0,0,0,0,7,0,0,68
4320,0,0,4,0,0,0,0,0,0,0,0,0,0,0,0,5,0,0,71
4320,0,0,5,0,0,0,0,0,0,0,0,0,0,0,0,3,0,0,72
4318,0,0,3,0,0,0,0,0,0,0,0,0,0,0,0,4,0,0,75
4316,0,0,4,0,0,0,0,0,0,0,0,0,0,0,0,6,0,0,74
4317,0,0,3,0,0,0,0,0,0,0,0,0,0,0,0,7,0,0,73
4317,0,0,4,0,0,0,0,0,0,0,0,0,0,0,0,6,0,0,73
4317,0,0,3,0,0,0,0,0,0,0,0,0,0,0,0,7,0,0,73
4318,0,0,4,0,0,0,0,0,0,0,0,0,0,0,0,9,0,0,69
4318,0,0,7,0,0,0,0,0,0,0,0,0,0,0,0,6,0,0,69
4318,0,0,6,0,0,0,0,0,0,0,0,0,0,0,0,5,0,0,71
4220,0,0,5,0,0,0,0,0,0,0,0,0,0,0,0,7,0,0,68
4120,0,0,5,0,0,0,0,0,0,0,0,0,0,0,0,6,0,0,69
4119,0,0,6,0,0,0,0,0,0,0,0,0,0,0,0,4,0,0,71
4120,0,0,5,0,0,0,0,0,0,0,0,0,0,0,0,6,0,0,69
4120,0,0,4,0,0,0,0,0,0,0,0,0,0,0,0,8,0,0,68
4120,0,0,4,0,0,0,0,0,0,0,0,0,0,0,0,7,0,0,69
4120,0,0,5,0,0,0,0,0,0,0,0,0,0,0,0,6,0,0,69
4121,0,0,7,0,0,0,0,0,0,0,0,0,0,0,0,6,0,0,66
4122,0,0,5,0,0,0,0,0,0,0,0,0,0,0,0,7,0,0,66
4021,0,0,6,0,0,0,0,0,0,0,0,0,0,0,0,5,0,0,68
4020,0,0,4,0,0,0,0,0,0,0,0,0,0,0,0,8,0,0,68
4020,0,0,6,0,0,0,0,0,0,0,0,0,0,0,0,9,0,0,65
4021,0,0,6,0,0,0,0,0,0,0,0,0,0,0,0,7,0,0,66
4022,0,0,7,0,0,0,0,0,0,0,0,0,0,0,0,7,0,0,64
4023,0,0,5,0,0,0,0,0,0,0,0,0,0,0,0,7,0,0,65
4023,0,0,5,0,0,0,0,0,0,0,0,0,0,0,0,6,0,0,66
4024,0,0,3,0,0,0,0,0,0,0,0,0,0,0,0,6,0,0,67
4024,0,0,3,0,0,0,0,0,0,0,0,0,0,0,0,9,0,0,64
4024,0,0,5,0,0,0,0,0,0,0,0,0,0,0,0,7,0,0,64
4024,0,0,4,0,0,0,0,0,0,0,0,0,0,0,0,7,0,0,65
4024,0,0,6,0,0,0,0,0,0,0,0,0,0,0,0,5,0,0,65
4021,0,0,6,0,0,0,0,0,0,0,0,0,0,0,0,6,0,0,67
4022,0,0,5,0,0,0,0,0,0,0,0,0,0,0,0,5,0,0,68
3925,0,0,6,0,0,0,0,0,0,0,0,0,0,0,0,4,0,0,65
3925,0,0,5,0,0,0,0,0,0,0,0,0,0,0,0,5,0,0,65
3926,0,0,4,0,0,0,0,0,0,0,0,0,0,0,0,7,0,0,63
3928,0,0,4,0,0,0,0,0,0,0,0,0,0,0,0,7,0,0,61
3926,0,0,6,0,0,0,0,0,0,0,0,0,0,0,0,5,0,0,63
3827,0,0,8,0,0,0,0,0,0,0,0,0,0,0,0,4,0,0,61
3827,0,0,6,0,0,0,0,0,0,0,0,0,0,0,0,4,0,0,63
3829,0,0,2,0,0,0,0,0,0,0,0,0,0,0,0,3,0,0,66
3828,0,0,3,0,0,0,0,0,0,0,0,0,0,0,0,4,0,0,65
3827,0,0,4,0,0,0,0,0,0,0,0,0,0,0,0,7,0,0,62
3827,0,0,5,0,0,0,0,0,0,0,0,0,0,0,0,6,0,0,62
3828,0,0,4,0,0,0,0,0,0,0,0,0,0,0,0,8,0,0,60
3828,0,0,7,0,0,0,0,0,0,0,0,0,0,0,0,5,0,0,60
3828,0,0,8,0,0,0,0,0,0,0,0,0,0,0,0,4,0,0,60
3829,0,0,7,0,0,0,0,0,0,0,0,0,0,0,0,4,0,0,60
3830,0,0,6,0,0,0,0,0,0,0,0,0,0,0,0,6,0,0,58
3829,0,0,4,0,0,0,0,0,0,0,0,0,0,0,0,5,0,0,62
3829,0,0,1,0,0,0,0,0,0,0,0,0,0,0,0,5,0,0,65
3829,0,0,3,0,0,0,0,0,0,0,0,0,0,0,0,5,0,0,63
3829,0,0,3,0,0,0,0,0,0,0,0,0,0,0,0,7,0,0,61
3828,0,0,3,0,0,0,0,0,0,0,0,0,0,0,0,5,0,0,64
3827,0,0,2,0,0,0,0,0,0,0,0,0,0,0,0,6,0,0,65
3827,0,0,2,0,0,0,0,0,0,0,0,0,0,0,0,4,0,0,67
3729,0,0,2,0,0,0,0,0,0,0,0,0,0,0,0,5,0,0,64
3727,0,0,5,0,0,0,0,0,0,0,0,0,0,0,0,3,0,0,65
3629,0,0,3,0,0,0,0,0,0,0,0,0,0,0,0,5,0,0,63
3529,0,0,4,0,0,0,0,0,0,0,0,0,0,0,0,4,0,0,63
3528,0,0,5,0,0,0,0,0,0,0,0,0,0,0,0,5,0,0,62
3528,0,0,6,0,0,0,0,0,0,0,0,0,0,0,0,4,0,0,62
3528,0,0,3,0,0,0,0,0,0,0,0,0,0,0,0,4,0,0,65
3529,0,0,2,0,0,0,0,0,0,0,0,0,0,0,0,4,0,0,65
3529,0,0,2,0,0,0,0,0,0,0,0,0,0,0,0,4,0,0,65
3531,0,0,1,0,0,0,0,0,0,0,0,0,0,0,0,5,0,0,63
3533,0,0,1,0,0,0,0,0,0,0,0,0,0,0,0,5,0,0,61
3532,0,0,1,0,0,0,0,0,0,0,0,0,0,0,0,5,0,0,62
3533,0,0,1,0,0,0,0,0,0,0,0,0,0,0,0,5,0,0,61
3532,0,0,3,0,0,0,0,0,0,0,0,0,0,0,0,5,0,0,60
3532,0,0,3,0,0,0,0,0,0,0,0,0,0,0,0,4,0,0,61
3532,0,0,4,0,0,0,0,0,0,0,0,0,0,0,0,5,0,0,59
3532,0,0,4,0,0,0,0,0,0,0,0,0,0,0,0,4,0,0,60
3533,0,0,4,0,0,0,0,0,0,0,0,0,0,0,0,4,0,0,59
3533,0,0,3,0,0,0,0,0,0,0,0,0,0,0,0,5,0,0,59
3534,0,0,3,0,0,0,0,0,0,0,0,0,0,0,0,4,0,0,59
3533,0,0,3,0,0,0,0,0,0,0,0,0,0,0,0,4,0,0,60
3433,0,0,4,0,0,0,0,0,0,0,0,0,0,0,0,4,0,0,59
3433,0,0,5,0,0,0,0,0,0,0,0,0,0,0,0,5,0,0,57
3432,0,0,6,0,0,0,0,0,0,0,0,0,0,0,0,5,0,0,57
3334,0,0,6,0,0,0,0,0,0,0,0,0,0,0,0,6,0,0,54
3337,0,0,4,0,0,0,0,0,0,0,0,0,0,0,0,6,0,0,53
3337,0,0,4,0,0,0,0,0,0,0,0,0,0,0,0,6,0,0,53
3337,0,0,5,0,0,0,0,0,0,0,0,0,0,0,0,6,0,0,52
3336,0,0,5,0,0,0,0,0,0,0,0,0,0,0,0,7,0,0,52
3336,0,0,5,0,0,0,0,0,0,0,0,0,0,0,0,7,0,0,52
3335,0,0,6,0,0,0,0,0,0,0,0,0,0,0,0,5,0,0,54
3335,0,0,6,0,0,0,0,0,0,0,0,0,0,0,0,3,0,0,56
3335,0,0,7,0,0,0,0,0,0,0,0,0,0,0,0,4,0,0,54
3335,0,0,7,0,0,0,0,0,0,0,0,0,0,0,0,4,0,0,54
3336,0,0,7,0,0,0,0,0,0,0,0,0,0,0,0,7,0,0,50
3336,0,0,9,0,0,0,0,0,0,0,0,0,0,0,0,4,0,0,51
3337,0,0,9,0,0,0,0,0,0,0,0,0,0,0,0,2,0,0,52
3337,0,0,9,0,0,0,0,0,0,0,0,0,0,0,0,1,0,0,53
3337,0,0,11,0,0,0,0,0,0,0,0,0,0,0,0,0,0,0,52
3337,0,0,10,0,0,0,0,0,0,0,0,0,0,0,0,1,0,0,52
3338,0,0,10,0,0,0,0,0,0,0,0,0,0,0,0,2,0,0,50
3338,0,0,9,0,0,0,0,0,0,0,0,0,0,0,0,3,0,0,50
3340,0,0,7,0,0,0,0,0,0,0,0,0,0,0,0,3,0,0,50
3340,0,0,5,0,0,0,0,0,0,0,0,0,0,0,0,2,0,0,53
3240,0,0,4,0,0,0,0,0,0,0,0,0,0,0,0,3,0,0,53
3239,0,0,5,0,0,0,0,0,0,0,0,0,0,0,0,4,0,0,52
3240,0,0,5,0,0,0,0,0,0,0,0,0,0,0,0,3,0,0,52
3240,0,0,5,0,0,0,0,0,0,0,0,0,0,0,0,4,0,0,51
3241,0,0,4,0,0,0,0,0,0,0,0,0,0,0,0,4,0,0,51
3241,0,0,3,0,0,0,0,0,0,0,0,0,0,0,0,6,0,0,50
3241,0,0,4,0,0,0,0,0,0,0,0,0,0,0,0,6,0,0,49
3143,0,0,3,0,0,0,0,0,0,0,0,0,0,0,0,6,0,0,48
3044,0,0,4,0,0,0,0,0,0,0,0,0,0,0,0,4,0,0,48
3044,0,0,4,0,0,0,0,0,0,0,0,0,0,0,0,4,0,0,48
2846,0,0,6,0,0,0,0,0,0,0,0,0,0,0,0,2,0,0,46
2847,0,0,4,0,0,0,0,0,0,0,0,0,0,0,0,1,0,0,48
2847,0,0,4,0,0,0,0,0,0,0,0,0,0,0,0,1,0,0,48
2846,0,0,4,0,0,0,0,0,0,0,0,0,0,0,0,2,0,0,48
2846,0,0,5,0,0,0,0,0,0,0,0,0,0,0,0,3,0,0,46
2848,0,0,3,0,0,0,0,0,0,0,0,0,0,0,0,3,0,0,46
2848,0,0,3,0,0,0,0,0,0,0,0,0,0,0,0,4,0,0,45
2848,0,0,2,0,0,0,0,0,0,0,0,0,0,0,0,3,0,0,47
2847,0,0,6,0,0,0,0,0,0,0,0,0,0,0,0,3,0,0,44
2747,0,0,6,0,0,0,0,0,0,0,0,0,0,0,0,2,0,0,45
2749,0,0,4,0,0,0,0,0,0,0,0,0,0,0,0,2,0,0,45
2749,0,0,4,0,0,0,0,0,0,0,0,0,0,0,0,3,0,0,44
2750,0,0,3,0,0,0,0,0,0,0,0,0,0,0,0,2,0,0,45
2750,0,0,3,0,0,0,0,0,0,0,0,0,0,0,0,2,0,0,45
2651,0,0,3,0,0,0,0,0,0,0,0,0,0,0,0,3,0,0,43
2650,0,0,4,0,0,0,0,0,0,0,0,0,0,0,0,3,0,0,43
2650,0,0,4,0,0,0,0,0,0,0,0,0,0,0,0,5,0,0,41
2651,0,0,3,0,0,0,0,0,0,0,0,0,0,0,0,5,0,0,41
2552,0,0,3,0,0,0,0,0,0,0,0,0,0,0,0,3,0,0,42
2552,0,0,5,0,0,0,0,0,0,0,0,0,0,0,0,4,0,0,39
2552,0,0,6,0,0,0,0,0,0,0,0,0,0,0,0,3,0,0,39
2454,0,0,5,0,0,0,0,0,0,0,0,0,0,0,0,4,0,0,37
2454,0,0,5,0,0,0,0,0,0,0,0,0,0,0,0,4,0,0,37
2454,0,0,4,0,0,0,0,0,0,0,0,0,0,0,0,4,0,0,38
2455,0,0,5,0,0,0,0,0,0,0,0,0,0,0,0,3,0,0,37
2455,0,0,5,0,0,0,0,0,0,0,0,0,0,0,0,3,0,0,37
2357,0,0,4,0,0,0,0,0,0,0,0,0,0,0,0,4,0,0,35
2357,0,0,3,0,0,0,0,0,0,0,0,0,0,0,0,4,0,0,36
2356,0,0,2,0,0,0,0,0,0,0,0,0,0,0,0,4,0,0,38
2356,0,0,3,0,0,0,0,0,0,0,0,0,0,0,0,4,0,0,37
2357,0,0,3,0,0,0,0,0,0,0,0,0,0,0,0,3,0,0,37
2259,0,0,3,0,0,0,0,0,0,0,0,0,0,0,0,2,0,0,36
2259,0,0,4,0,0,0,0,0,0,0,0,0,0,0,0,1,0,0,36
2260,0,0,3,0,0,0,0,0,0,0,0,0,0,0,0,2,0,0,35
2259,0,0,3,0,0,0,0,0,0,0,0,0,0,0,0,1,0,0,37
2260,0,0,2,0,0,0,0,0,0,0,0,0,0,0,0,1,0,0,37
2260,0,0,2,0,0,0,0,0,0,0,0,0,0,0,0,2,0,0,36
2161,0,0,2,0,0,0,0,0,0,0,0,0,0,0,0,4,0,0,33
2158,0,0,4,0,0,0,0,0,0,0,0,0,0,0,0,1,0,0,37
2158,0,0,4,0,0,0,0,0,0,0,0,0,0,0,0,2,0,0,36
2158,0,0,5,0,0,0,0,0,0,0,0,0,0,0,0,3,0,0,34
2158,0,0,5,0,0,0,0,0,0,0,0,0,0,0,0,3,0,0,34
2159,0,0,4,0,0,0,0,0,0,0,0,0,0,0,0,3,0,0,34
2159,0,0,4,0,0,0,0,0,0,0,0,0,0,0,0,3,0,0,34
2160,0,0,4,0,0,0,0,0,0,0,0,0,0,0,0,2,0,0,34
2062,0,0,3,0,0,0,0,0,0,0,0,0,0,0,0,2,0,0,33
2062,0,0,3,0,0,0,0,0,0,0,0,0,0,0,0,3,0,0,32
2063,0,0,2,0,0,0,0,0,0,0,0,0,0,0,0,3,0,0,32
2063,0,0,2,0,0,0,0,0,0,0,0,0,0,0,0,3,0,0,32
2063,0,0,1,0,0,0,0,0,0,0,0,0,0,0,0,4,0,0,32
2063,0,0,2,0,0,0,0,0,0,0,0,0,0,0,0,1,0,0,34
2063,0,0,2,0,0,0,0,0,0,0,0,0,0,0,0,1,0,0,34
2063,0,0,2,0,0,0,0,0,0,0,0,0,0,0,0,3,0,0,32
2063,0,0,1,0,0,0,0,0,0,0,0,0,0,0,0,3,0,0,33
2062,0,0,2,0,0,0,0,0,0,0,0,0,0,0,0,3,0,0,33
2060,0,0,2,0,0,0,0,0,0,0,0,0,0,0,0,4,0,0,34
2060,0,0,2,0,0,0,0,0,0,0,0,0,0,0,0,4,0,0,34
2059,0,0,3,0,0,0,0,0,0,0,0,0,0,0,0,4,0,0,34
2060,0,0,2,0,0,0,0,0,0,0,0,0,0,0,0,3,0,0,35
2059,0,0,3,0,0,0,0,0,0,0,0,0,0,0,0,0,0,0,38
2058,0,0,4,0,0,0,0,0,0,0,0,0,0,0,0,0,0,0,38
2058,0,0,4,0,0,0,0,0,0,0,0,0,0,0,0,0,0,0,38
2058,0,0,4,0,0,0,0,0,0,0,0,0,0,0,0,1,0,0,37
2058,0,0,4,0,0,0,0,0,0,0,0,0,0,0,0,2,0,0,36
2058,0,0,5,0,0,0,0,0,0,0,0,0,0,0,0,2,0,0,35
2059,0,0,4,0,0,0,0,0,0,0,0,0,0,0,0,2,0,0,35
2059,0,0,4,0,0,0,0,0,0,0,0,0,0,0,0,2,0,0,35
2059,0,0,3,0,0,0,0,0,0,0,0,0,0,0,0,2,0,0,36
2059,0,0,2,0,0,0,0,0,0,0,0,0,0,0,0,3,0,0,36
2060,0,0,1,0,0,0,0,0,0,0,0,0,0,0,0,3,0,0,36
2060,0,0,2,0,0,0,0,0,0,0,0,0,0,0,0,2,0,0,36
2060,0,0,2,0,0,0,0,0,0,0,0,0,0,0,0,3,0,0,35
2061,0,0,1,0,0,0,0,0,0,0,0,0,0,0,0,4,0,0,34
2061,0,0,2,0,0,0,0,0,0,0,0,0,0,0,0,2,0,0,35
2061,0,0,4,0,0,0,0,0,0,0,0,0,0,0,0,1,0,0,34
2061,0,0,3,0,0,0,0,0,0,0,0,0,0,0,0,1,0,0,35
2061,0,0,3,0,0,0,0,0,0,0,0,0,0,0,0,4,0,0,32
2061,0,0,4,0,0,0,0,0,0,0,0,0,0,0,0,5,0,0,30
2062,0,0,3,0,0,0,0,0,0,0,0,0,0,0,0,7,0,0,28
1963,0,0,2,0,0,0,0,0,0,0,0,0,0,0,0,5,0,0,30
1963,0,0,2,0,0,0,0,0,0,0,0,0,0,0,0,4,0,0,31
1963,0,0,2,0,0,0,0,0,0,0,0,0,0,0,0,3,0,0,32
1962,0,0,3,0,0,0,0,0,0,0,0,0,0,0,0,5,0,0,30
1961,0,0,2,0,0,0,0,0,0,0,0,0,0,0,0,5,0,0,32
1961,0,0,2,0,0,0,0,0,0,0,0,0,0,0,0,6,0,0,31
1961,0,0,2,0,0,0,0,0,0,0,0,0,0,0,0,6,0,0,31
1962,0,0,2,0,0,0,0,0,0,0,0,0,0,0,0,6,0,0,30
1963,0,0,2,0,0,0,0,0,0,0,0,0,0,0,0,4,0,0,31
1963,0,0,3,0,0,0,0,0,0,0,0,0,0,0,0,3,0,0,31
1963,0,0,3,0,0,0,0,0,0,0,0,0,0,0,0,4,0,0,30
1963,0,0,3,0,0,0,0,0,0,0,0,0,0,0,0,3,0,0,31
1963,0,0,3,0,0,0,0,0,0,0,0,0,0,0,0,3,0,0,31
1962,0,0,3,0,0,0,0,0,0,0,0,0,0,0,0,3,0,0,32
1962,0,0,3,0,0,0,0,0,0,0,0,0,0,0,0,4,0,0,31
1963,0,0,4,0,0,0,0,0,0,0,0,0,0,0,0,1,0,0,32
1964,0,0,2,0,0,0,0,0,0,0,0,0,0,0,0,1,0,0,33
1964,0,0,1,0,0,0,0,0,0,0,0,0,0,0,0,0,0,0,35
1964,0,0,3,0,0,0,0,0,0,0,0,0,0,0,0,0,0,0,33
1965,0,0,1,0,0,0,0,0,0,0,0,0,0,0,0,0,0,0,34
1964,0,0,1,0,0,0,0,0,0,0,0,0,0,0,0,0,0,0,35
1963,0,0,1,0,0,0,0,0,0,0,0,0,0,0,0,1,0,0,35
1962,0,0,1,0,0,0,0,0,0,0,0,0,0,0,0,2,0,0,35
1961,0,0,1,0,0,0,0,0,0,0,0,0,0,0,0,2,0,0,36
1960,0,0,1,0,0,0,0,0,0,0,0,0,0,0,0,2,0,0,37
1960,0,0,2,0,0,0,0,0,0,0,0,0,0,0,0,4,0,0,34
1960,0,0,1,0,0,0,0,0,0,0,0,0,0,0,0,5,0,0,34
1960,0,0,1,0,0,0,0,0,0,0,0,0,0,0,0,6,0,0,33
1960,0,0,3,0,0,0,0,0,0,0,0,0,0,0,0,6,0,0,31
1961,0,0,3,0,0,0,0,0,0,0,0,0,0,0,0,6,0,0,30
1961,0,0,3,0,0,0,0,0,0,0,0,0,0,0,0,4,0,0,32
1961,0,0,2,0,0,0,0,0,0,0,0,0,0,0,0,6,0,0,31
1962,0,0,3,0,0,0,0,0,0,0,0,0,0,0,0,5,0,0,30
1962,0,0,3,0,0,0,0,0,0,0,0,0,0,0,0,5,0,0,30
1964,0,0,2,0,0,0,0,0,0,0,0,0,0,0,0,4,0,0,30
1964,0,0,3,0,0,0,0,0,0,0,0,0,0,0,0,5,0,0,28
1865,0,0,4,0,0,0,0,0,0,0,0,0,0,0,0,5,0,0,26
1865,0,0,2,0,0,0,0,0,0,0,0,0,0,0,0,4,0,0,29
1865,0,0,2,0,0,0,0,0,0,0,0,0,0,0,0,4,0,0,29
1864,0,0,3,0,0,0,0,0,0,0,0,0,0,0,0,4,0,0,29
1864,0,0,4,0,0,0,0,0,0,0,0,0,0,0,0,3,0,0,29
1864,0,0,5,0,0,0,0,0,0,0,0,0,0,0,0,2,0,0,29
1865,0,0,3,0,0,0,0,0,0,0,0,0,0,0,0,2,0,0,30
1865,0,0,3,0,0,0,0,0,0,0,0,0,0,0,0,1,0,0,31
1766,0,0,2,0,0,0,0,0,0,0,0,0,0,0,0,1,0,0,31
1766,0,0,1,0,0,0,0,0,0,0,0,0,0,0,0,1,0,0,32
1766,0,0,1,0,0,0,0,0,0,0,0,0,0,0,0,1,0,0,32
1766,0,0,2,0,0,0,0,0,0,0,0,0,0,0,0,2,0,0,30
1766,0,0,2,0,0,0,0,0,0,0,0,0,0,0,0,2,0,0,30
1767,0,0,1,0,0,0,0,0,0,0,0,0,0,0,0,2,0,0,30
1668,0,0,1,0,0,0,0,0,0,0,0,0,0,0,0,2,0,0,29
1667,0,0,1,0,0,0,0,0,0,0,0,0,0,0,0,2,0,0,30
1667,0,0,1,0,0,0,0,0,0,0,0,0,0,0,0,2,0,0,30
1568,0,0,1,0,0,0,0,0,0,0,0,0,0,0,0,3,0,0,28
1568,0,0,1,0,0,0,0,0,0,0,0,0,0,0,0,3,0,0,28
1568,0,0,1,0,0,0,0,0,0,0,0,0,0,0,0,2,0,0,29
1568,0,0,2,0,0,0,0,0,0,0,0,0,0,0,0,2,0,0,28
1569,0,0,0,0,0,0,0,0,0,0,0,0,0,0,0,2,0,0,29
1569,0,0,0,0,0,0,0,0,0,0,0,0,0,0,0,2,0,0,29
1569,0,0,0,0,0,0,0,0,0,0,0,0,0,0,0,1,0,0,30
1569,0,0,0,0,0,0,0,0,0,0,0,0,0,0,0,0,0,0,31
1569,0,0,0,0,0,0,0,0,0,0,0,0,0,0,0,0,0,0,31
1569,0,0,0,0,0,0,0,0,0,0,0,0,0,0,0,1,0,0,30
1569,0,0,1,0,0,0,0,0,0,0,0,0,0,0,0,1,0,0,29
1569,0,0,1,0,0,0,0,0,0,0,0,0,0,0,0,3,0,0,27
1569,0,0,2,0,0,0,0,0,0,0,0,0,0,0,0,2,0,0,27
1570,0,0,1,0,0,0,0,0,0,0,0,0,0,0,0,2,0,0,27
1569,0,0,2,0,0,0,0,0,0,0,0,0,0,0,0,0,0,0,29
1569,0,0,3,0,0,0,0,0,0,0,0,0,0,0,0,1,0,0,27
1570,0,0,4,0,0,0,0,0,0,0,0,0,0,0,0,0,0,0,26
1571,0,0,3,0,0,0,0,0,0,0,0,0,0,0,0,1,0,0,25
1571,0,0,4,0,0,0,0,0,0,0,0,0,0,0,0,1,0,0,24
1571,0,0,4,0,0,0,0,0,0,0,0,0,0,0,0,1,0,0,24
1571,0,0,3,0,0,0,0,0,0,0,0,0,0,0,0,1,0,0,25
1570,0,0,4,0,0,0,0,0,0,0,0,0,0,0,0,1,0,0,25
1570,0,0,4,0,0,0,0,0,0,0,0,0,0,0,0,2,0,0,24
1570,0,0,4,0,0,0,0,0,0,0,0,0,0,0,0,1,0,0,25
1570,0,0,4,0,0,0,0,0,0,0,0,0,0,0,0,1,0,0,25
1571,0,0,3,0,0,0,0,0,0,0,0,0,0,0,0,0,0,0,26
1572,0,0,2,0,0,0,0,0,0,0,0,0,0,0,0,1,0,0,25
1571,0,0,1,0,0,0,0,0,0,0,0,0,0,0,0,2,0,0,26
1571,0,0,1,0,0,0,0,0,0,0,0,0,0,0,0,2,0,0,26
1571,0,0,1,0,0,0,0,0,0,0,0,0,0,0,0,3,0,0,25
1472,0,0,1,0,0,0,0,0,0,0,0,0,0,0,0,3,0,0,24
1472,0,0,1,0,0,0,0,0,0,0,0,0,0,0,0,3,0,0,24
1471,0,0,1,0,0,0,0,0,0,0,0,0,0,0,0,3,0,0,25
1471,0,0,1,0,0,0,0,0,0,0,0,0,0,0,0,4,0,0,24
1372,0,0,0,0,0,0,0,0,0,0,0,0,0,0,0,4,0,0,24
1372,0,0,1,0,0,0,0,0,0,0,0,0,0,0,0,3,0,0,24
1372,0,0,0,0,0,0,0,0,0,0,0,0,0,0,0,3,0,0,25
1372,0,0,0,0,0,0,0,0,0,0,0,0,0,0,0,3,0,0,25
1372,0,0,1,0,0,0,0,0,0,0,0,0,0,0,0,4,0,0,23
1372,0,0,1,0,0,0,0,0,0,0,0,0,0,0,0,4,0,0,23
1372,0,0,1,0,0,0,0,0,0,0,0,0,0,0,0,3,0,0,24
1372,0,0,2,0,0,0,0,0,0,0,0,0,0,0,0,2,0,0,24
1372,0,0,4,0,0,0,0,0,0,0,0,0,0,0,0,3,0,0,21
1373,0,0,3,0,0,0,0,0,0,0,0,0,0,0,0,3,0,0,21
1374,0,0,1,0,0,0,0,0,0,0,0,0,0,0,0,3,0,0,22
1374,0,0,2,0,0,0,0,0,0,0,0,0,0,0,0,4,0,0,20
1375,0,0,2,0,0,0,0,0,0,0,0,0,0,0,0,3,0,0,20
1375,0,0,3,0,0,0,0,0,0,0,0,0,0,0,0,2,0,0,20
1374,0,0,3,0,0,0,0,0,0,0,0,0,0,0,0,2,0,0,21
1374,0,0,4,0,0,0,0,0,0,0,0,0,0,0,0,1,0,0,21
1374,0,0,4,0,0,0,0,0,0,0,0,0,0,0,0,1,0,0,21
1374,0,0,4,0,0,0,0,0,0,0,0,0,0,0,0,0,0,0,22
1374,0,0,4,0,0,0,0,0,0,0,0,0,0,0,0,0,0,0,22
1374,0,0,4,0,0,0,0,0,0,0,0,0,0,0,0,0,0,0,22
1374,0,0,4,0,0,0,0,0,0,0,0,0,0,0,0,1,0,0,21
1374,0,0,5,0,0,0,0,0,0,0,0,0,0,0,0,0,0,0,21
1374,0,0,5,0,0,0,0,0,0,0,0,0,0,0,0,0,0,0,21
1375,0,0,4,0,0,0,0,0,0,0,0,0,0,0,0,0,0,0,21
1375,0,0,3,0,0,0,0,0,0,0,0,0,0,0,0,0,0,0,22
1376,0,0,1,0,0,0,0,0,0,0,0,0,0,0,0,0,0,0,23
1376,0,0,1,0,0,0,0,0,0,0,0,0,0,0,0,0,0,0,23
1376,0,0,2,0,0,0,0,0,0,0,0,0,0,0,0,0,0,0,22
1374,0,0,3,0,0,0,0,0,0,0,0,0,0,0,0,0,0,0,23
1374,0,0,3,0,0,0,0,0,0,0,0,0,0,0,0,0,0,0,23
1376,0,0,1,0,0,0,0,0,0,0,0,0,0,0,0,0,0,0,23
1377,0,0,0,0,0,0,0,0,0,0,0,0,0,0,0,0,0,0,23
1375,0,0,0,0,0,0,0,0,0,0,0,0,0,0,0,0,0,0,25
1375,0,0,0,0,0,0,0,0,0,0,0,0,0,0,0,1,0,0,24
1375,0,0,0,0,0,0,0,0,0,0,0,0,0,0,0,3,0,0,22
1375,0,0,0,0,0,0,0,0,0,0,0,0,0,0,0,3,0,0,22
1375,0,0,1,0,0,0,0,0,0,0,0,0,0,0,0,3,0,0,21
1374,0,0,1,0,0,0,0,0,0,0,0,0,0,0,0,3,0,0,22
1374,0,0,1,0,0,0,0,0,0,0,0,0,0,0,0,3,0,0,22
1375,0,0,2,0,0,0,0,0,0,0,0,0,0,0,0,2,0,0,21
1375,0,0,2,0,0,0,0,0,0,0,0,0,0,0,0,3,0,0,20
1276,0,0,3,0,0,0,0,0,0,0,0,0,0,0,0,2,0,0,19
1276,0,0,1,0,0,0,0,0,0,0,0,0,0,0,0,2,0,0,21
1276,0,0,1,0,0,0,0,0,0,0,0,0,0,0,0,2,0,0,21
1276,0,0,3,0,0,0,0,0,0,0,0,0,0,0,0,2,0,0,19
1276,0,0,4,0,0,0,0,0,0,0,0,0,0,0,0,1,0,0,19
1277,0,0,2,0,0,0,0,0,0,0,0,0,0,0,0,2,0,0,19
1278,0,0,1,0,0,0,0,0,0,0,0,0,0,0,0,2,0,0,19
1278,0,0,1,0,0,0,0,0,0,0,0,0,0,0,0,3,0,0,18
1278,0,0,1,0,0,0,0,0,0,0,0,0,0,0,0,3,0,0,18
1277,0,0,1,0,0,0,0,0,0,0,0,0,0,0,0,3,0,0,19
1276,0,0,1,0,0,0,0,0,0,0,0,0,0,0,0,4,0,0,19
1275,0,0,1,0,0,0,0,0,0,0,0,0,0,0,0,5,0,0,19
1275,0,0,1,0,0,0,0,0,0,0,0,0,0,0,0,5,0,0,19
1275,0,0,1,0,0,0,0,0,0,0,0,0,0,0,0,5,0,0,19
1275,0,0,3,0,0,0,0,0,0,0,0,0,0,0,0,4,0,0,18
1275,0,0,3,0,0,0,0,0,0,0,0,0,0,0,0,4,0,0,18
1275,0,0,3,0,0,0,0,0,0,0,0,0,0,0,0,3,0,0,19
1275,0,0,2,0,0,0,0,0,0,0,0,0,0,0,0,2,0,0,21
1275,0,0,2,0,0,0,0,0,0,0,0,0,0,0,0,2,0,0,21
1275,0,0,2,0,0,0,0,0,0,0,0,0,0,0,0,2,0,0,21
1275,0,0,2,0,0,0,0,0,0,0,0,0,0,0,0,2,0,0,21
1275,0,0,2,0,0,0,0,0,0,0,0,0,0,0,0,2,0,0,21
1275,0,0,1,0,0,0,0,0,0,0,0,0,0,0,0,2,0,0,22
1275,0,0,1,0,0,0,0,0,0,0,0,0,0,0,0,2,0,0,22
1275,0,0,1,0,0,0,0,0,0,0,0,0,0,0,0,3,0,0,21
1275,0,0,1,0,0,0,0,0,0,0,0,0,0,0,0,3,0,0,21
1274,0,0,0,0,0,0,0,0,0,0,0,0,0,0,0,3,0,0,23
1274,0,0,1,0,0,0,0,0,0,0,0,0,0,0,0,2,0,0,23
1275,0,0,1,0,0,0,0,0,0,0,0,0,0,0,0,3,0,0,21
1274,0,0,1,0,0,0,0,0,0,0,0,0,0,0,0,2,0,0,23
1274,0,0,1,0,0,0,0,0,0,0,0,0,0,0,0,1,0,0,24
1274,0,0,1,0,0,0,0,0,0,0,0,0,0,0,0,1,0,0,24
1274,0,0,1,0,0,0,0,0,0,0,0,0,0,0,0,1,0,0,24
1274,0,0,1,0,0,0,0,0,0,0,0,0,0,0,0,1,0,0,24
1274,0,0,2,0,0,0,0,0,0,0,0,0,0,0,0,2,0,0,22
1274,0,0,3,0,0,0,0,0,0,0,0,0,0,0,0,2,0,0,21
1275,0,0,2,0,0,0,0,0,0,0,0,0,0,0,0,2,0,0,21
1275,0,0,2,0,0,0,0,0,0,0,0,0,0,0,0,3,0,0,20
1274,0,0,2,0,0,0,0,0,0,0,0,0,0,0,0,3,0,0,21
1274,0,0,2,0,0,0,0,0,0,0,0,0,0,0,0,3,0,0,21
1274,0,0,3,0,0,0,0,0,0,0,0,0,0,0,0,2,0,0,21
1274,0,0,3,0,0,0,0,0,0,0,0,0,0,0,0,3,0,0,20
1274,0,0,3,0,0,0,0,0,0,0,0,0,0,0,0,3,0,0,20
1274,0,0,1,0,0,0,0,0,0,0,0,0,0,0,0,2,0,0,23
1274,0,0,1,0,0,0,0,0,0,0,0,0,0,0,0,2,0,0,23
1275,0,0,1,0,0,0,0,0,0,0,0,0,0,0,0,1,0,0,23
1275,0,0,2,0,0,0,0,0,0,0,0,0,0,0,0,0,0,0,23
1275,0,0,2,0,0,0,0,0,0,0,0,0,0,0,0,0,0,0,23
1275,0,0,2,0,0,0,0,0,0,0,0,0,0,0,0,1,0,0,22
1275,0,0,1,0,0,0,0,0,0,0,0,0,0,0,0,1,0,0,23
1275,0,0,1,0,0,0,0,0,0,0,0,0,0,0,0,2,0,0,22
1276,0,0,1,0,0,0,0,0,0,0,0,0,0,0,0,1,0,0,22
1276,0,0,1,0,0,0,0,0,0,0,0,0,0,0,0,3,0,0,20
1275,0,0,1,0,0,0,0,0,0,0,0,0,0,0,0,3,0,0,21
1275,0,0,1,0,0,0,0,0,0,0,0,0,0,0,0,2,0,0,22
1274,0,0,1,0,0,0,0,0,0,0,0,0,0,0,0,2,0,0,23
1275,0,0,0,0,0,0,0,0,0,0,0,0,0,0,0,4,0,0,21
1276,0,0,0,0,0,0,0,0,0,0,0,0,0,0,0,3,0,0,21
1276,0,0,1,0,0,0,0,0,0,0,0,0,0,0,0,4,0,0,19
1276,0,0,1,0,0,0,0,0,0,0,0,0,0,0,0,4,0,0,19
1275,0,0,1,0,0,0,0,0,0,0,0,0,0,0,0,4,0,0,20
1275,0,0,2,0,0,0,0,0,0,0,0,0,0,0,0,3,0,0,20
1275,0,0,2,0,0,0,0,0,0,0,0,0,0,0,0,2,0,0,21
1275,0,0,2,0,0,0,0,0,0,0,0,0,0,0,0,1,0,0,22
1176,0,0,1,0,0,0,0,0,0,0,0,0,0,0,0,0,0,0,23
1176,0,0,1,0,0,0,0,0,0,0,0,0,0,0,0,0,0,0,23
1176,0,0,2,0,0,0,0,0,0,0,0,0,0,0,0,0,0,0,22
1176,0,0,2,0,0,0,0,0,0,0,0,0,0,0,0,1,0,0,21
1176,0,0,2,0,0,0,0,0,0,0,0,0,0,0,0,1,0,0,21
1176,0,0,2,0,0,0,0,0,0,0,0,0,0,0,0,0,0,0,22
1176,0,0,2,0,0,0,0,0,0,0,0,0,0,0,0,0,0,0,22
1176,0,0,2,0,0,0,0,0,0,0,0,0,0,0,0,0,0,0,22
1176,0,0,2,0,0,0,0,0,0,0,0,0,0,0,0,0,0,0,22
1176,0,0,1,0,0,0,0,0,0,0,0,0,0,0,0,0,0,0,23
1176,0,0,1,0,0,0,0,0,0,0,0,0,0,0,0,0,0,0,23
1176,0,0,1,0,0,0,0,0,0,0,0,0,0,0,0,1,0,0,22
1176,0,0,2,0,0,0,0,0,0,0,0,0,0,0,0,0,0,0,22
1176,0,0,2,0,0,0,0,0,0,0,0,0,0,0,0,0,0,0,22
1177,0,0,1,0,0,0,0,0,0,0,0,0,0,0,0,0,0,0,22
1177,0,0,2,0,0,0,0,0,0,0,0,0,0,0,0,1,0,0,20
1177,0,0,2,0,0,0,0,0,0,0,0,0,0,0,0,1,0,0,20
1176,0,0,2,0,0,0,0,0,0,0,0,0,0,0,0,3,0,0,19
1176,0,0,3,0,0,0,0,0,0,0,0,0,0,0,0,3,0,0,18
1178,0,0,1,0,0,0,0,0,0,0,0,0,0,0,0,3,0,0,18
1178,0,0,1,0,0,0,0,0,0,0,0,0,0,0,0,3,0,0,18
1180,0,0,0,0,0,0,0,0,0,0,0,0,0,0,0,2,0,0,18
1179,0,0,0,0,0,0,0,0,0,0,0,0,0,0,0,2,0,0,19
1179,0,0,0,0,0,0,0,0,0,0,0,0,0,0,0,2,0,0,19
1179,0,0,0,0,0,0,0,0,0,0,0,0,0,0,0,2,0,0,19
1179,0,0,0,0,0,0,0,0,0,0,0,0,0,0,0,2,0,0,19
1080,0,0,2,0,0,0,0,0,0,0,0,0,0,0,0,1,0,0,17
1080,0,0,2,0,0,0,0,0,0,0,0,0,0,0,0,1,0,0,17
1080,0,0,2,0,0,0,0,0,0,0,0,0,0,0,0,1,0,0,17
1080,0,0,2,0,0,0,0,0,0,0,0,0,0,0,0,2,0,0,16
1080,0,0,3,0,0,0,0,0,0,0,0,0,0,0,0,1,0,0,16
1080,0,0,3,0,0,0,0,0,0,0,0,0,0,0,0,1,0,0,16
1080,0,0,3,0,0,0,0,0,0,0,0,0,0,0,0,1,0,0,16
1079,0,0,4,0,0,0,0,0,0,0,0,0,0,0,0,2,0,0,15
1079,0,0,5,0,0,0,0,0,0,0,0,0,0,0,0,1,0,0,15
1079,0,0,4,0,0,0,0,0,0,0,0,0,0,0,0,1,0,0,16
1079,0,0,4,0,0,0,0,0,0,0,0,0,0,0,0,1,0,0,16
1079,0,0,3,0,0,0,0,0,0,0,0,0,0,0,0,2,0,0,16
1079,0,0,2,0,0,0,0,0,0,0,0,0,0,0,0,2,0,0,17
1080,0,0,1,0,0,0,0,0,0,0,0,0,0,0,0,2,0,0,17
1080,0,0,1,0,0,0,0,0,0,0,0,0,0,0,0,1,0,0,18
1078,0,0,1,0,0,0,0,0,0,0,0,0,0,0,0,1,0,0,20
1078,0,0,1,0,0,0,0,0,0,0,0,0,0,0,0,1,0,0,20
1078,0,0,1,0,0,0,0,0,0,0,0,0,0,0,0,1,0,0,20
1078,0,0,3,0,0,0,0,0,0,0,0,0,0,0,0,1,0,0,18
1078,0,0,3,0,0,0,0,0,0,0,0,0,0,0,0,1,0,0,18
1079,0,0,2,0,0,0,0,0,0,0,0,0,0,0,0,1,0,0,18
1079,0,0,2,0,0,0,0,0,0,0,0,0,0,0,0,0,0,0,19
1079,0,0,2,0,0,0,0,0,0,0,0,0,0,0,0,1,0,0,18
1079,0,0,3,0,0,0,0,0,0,0,0,0,0,0,0,1,0,0,17
1079,0,0,2,0,0,0,0,0,0,0,0,0,0,0,0,1,0,0,18
1079,0,0,2,0,0,0,0,0,0,0,0,0,0,0,0,1,0,0,18
1079,0,0,0,0,0,0,0,0,0,0,0,0,0,0,0,1,0,0,20
1079,0,0,0,0,0,0,0,0,0,0,0,0,0,0,0,1,0,0,20
1079,0,0,0,0,0,0,0,0,0,0,0,0,0,0,0,1,0,0,20
1079,0,0,1,0,0,0,0,0,0,0,0,0,0,0,0,1,0,0,19
1079,0,0,1,0,0,0,0,0,0,0,0,0,0,0,0,2,0,0,18
980,0,0,1,0,0,0,0,0,0,0,0,0,0,0,0,2,0,0,17
980,0,0,1,0,0,0,0,0,0,0,0,0,0,0,0,2,0,0,17
980,0,0,1,0,0,0,0,0,0,0,0,0,0,0,0,4,0,0,15
980,0,0,1,0,0,0,0,0,0,0,0,0,0,0,0,4,0,0,15
980,0,0,1,0,0,0,0,0,0,0,0,0,0,0,0,3,0,0,16
980,0,0,1,0,0,0,0,0,0,0,0,0,0,0,0,3,0,0,16
980,0,0,3,0,0,0,0,0,0,0,0,0,0,0,0,1,0,0,16
980,0,0,3,0,0,0,0,0,0,0,0,0,0,0,0,1,0,0,16
980,0,0,2,0,0,0,0,0,0,0,0,0,0,0,0,1,0,0,17
980,0,0,2,0,0,0,0,0,0,0,0,0,0,0,0,1,0,0,17
980,0,0,2,0,0,0,0,0,0,0,0,0,0,0,0,2,0,0,16
980,0,0,2,0,0,0,0,0,0,0,0,0,0,0,0,2,0,0,16
981,0,0,1,0,0,0,0,0,0,0,0,0,0,0,0,3,0,0,15
981,0,0,2,0,0,0,0,0,0,0,0,0,0,0,0,3,0,0,14
982,0,0,1,0,0,0,0,0,0,0,0,0,0,0,0,3,0,0,14
981,0,0,1,0,0,0,0,0,0,0,0,0,0,0,0,2,0,0,16
982,0,0,0,0,0,0,0,0,0,0,0,0,0,0,0,2,0,0,16
982,0,0,0,0,0,0,0,0,0,0,0,0,0,0,0,2,0,0,16
982,0,0,0,0,0,0,0,0,0,0,0,0,0,0,0,1,0,0,17
982,0,0,0,0,0,0,0,0,0,0,0,0,0,0,0,1,0,0,17
982,0,0,0,0,0,0,0,0,0,0,0,0,0,0,0,1,0,0,17
982,0,0,2,0,0,0,0,0,0,0,0,0,0,0,0,1,0,0,15
982,0,0,2,0,0,0,0,0,0,0,0,0,0,0,0,1,0,0,15
981,0,0,1,0,0,0,0,0,0,0,0,0,0,0,0,1,0,0,17
981,0,0,1,0,0,0,0,0,0,0,0,0,0,0,0,3,0,0,15
981,0,0,1,0,0,0,0,0,0,0,0,0,0,0,0,1,0,0,17
981,0,0,1,0,0,0,0,0,0,0,0,0,0,0,0,1,0,0,17
981,0,0,1,0,0,0,0,0,0,0,0,0,0,0,0,1,0,0,17
981,0,0,1,0,0,0,0,0,0,0,0,0,0,0,0,0,0,0,18
982,0,0,0,0,0,0,0,0,0,0,0,0,0,0,0,1,0,0,17
883,0,0,0,0,0,0,0,0,0,0,0,0,0,0,0,2,0,0,15
882,0,0,0,0,0,0,0,0,0,0,0,0,0,0,0,1,0,0,17
882,0,0,0,0,0,0,0,0,0,0,0,0,0,0,0,1,0,0,17
882,0,0,0,0,0,0,0,0,0,0,0,0,0,0,0,1,0,0,17
882,0,0,1,0,0,0,0,0,0,0,0,0,0,0,0,1,0,0,16
882,0,0,1,0,0,0,0,0,0,0,0,0,0,0,0,2,0,0,15
882,0,0,1,0,0,0,0,0,0,0,0,0,0,0,0,3,0,0,14
882,0,0,1,0,0,0,0,0,0,0,0,0,0,0,0,2,0,0,15
882,0,0,2,0,0,0,0,0,0,0,0,0,0,0,0,1,0,0,15
882,0,0,1,0,0,0,0,0,0,0,0,0,0,0,0,1,0,0,16
882,0,0,1,0,0,0,0,0,0,0,0,0,0,0,0,1,0,0,16
882,0,0,0,0,0,0,0,0,0,0,0,0,0,0,0,2,0,0,16
882,0,0,0,0,0,0,0,0,0,0,0,0,0,0,0,2,0,0,16
882,0,0,0,0,0,0,0,0,0,0,0,0,0,0,0,2,0,0,16
882,0,0,1,0,0,0,0,0,0,0,0,0,0,0,0,1,0,0,16
882,0,0,1,0,0,0,0,0,0,0,0,0,0,0,0,2,0,0,15
882,0,0,3,0,0,0,0,0,0,0,0,0,0,0,0,1,0,0,14
882,0,0,3,0,0,0,0,0,0,0,0,0,0,0,0,1,0,0,14
882,0,0,4,0,0,0,0,0,0,0,0,0,0,0,0,1,0,0,13
883,0,0,2,0,0,0,0,0,0,0,0,0,0,0,0,1,0,0,14
883,0,0,2,0,0,0,0,0,0,0,0,0,0,0,0,1,0,0,14
883,0,0,2,0,0,0,0,0,0,0,0,0,0,0,0,1,0,0,14
883,0,0,2,0,0,0,0,0,0,0,0,0,0,0,0,1,0,0,14
883,0,0,2,0,0,0,0,0,0,0,0,0,0,0,0,1,0,0,14
883,0,0,2,0,0,0,0,0,0,0,0,0,0,0,0,1,0,0,14
883,0,0,4,0,0,0,0,0,0,0,0,0,0,0,0,1,0,0,12
884,0,0,3,0,0,0,0,0,0,0,0,0,0,0,0,1,0,0,12
885,0,0,2,0,0,0,0,0,0,0,0,0,0,0,0,2,0,0,11
886,0,0,1,0,0,0,0,0,0,0,0,0,0,0,0,2,0,0,11
887,0,0,0,0,0,0,0,0,0,0,0,0,0,0,0,2,0,0,11
886,0,0,0,0,0,0,0,0,0,0,0,0,0,0,0,2,0,0,12
886,0,0,0,0,0,0,0,0,0,0,0,0,0,0,0,2,0,0,12
885,0,0,0,0,0,0,0,0,0,0,0,0,0,0,0,2,0,0,13
885,0,0,0,0,0,0,0,0,0,0,0,0,0,0,0,2,0,0,13
885,0,0,0,0,0,0,0,0,0,0,0,0,0,0,0,3,0,0,12
885,0,0,0,0,0,0,0,0,0,0,0,0,0,0,0,4,0,0,11
885,0,0,0,0,0,0,0,0,0,0,0,0,0,0,0,3,0,0,12
885,0,0,0,0,0,0,0,0,0,0,0,0,0,0,0,3,0,0,12
787,0,0,0,0,0,0,0,0,0,0,0,0,0,0,0,2,0,0,11
787,0,0,0,0,0,0,0,0,0,0,0,0,0,0,0,1,0,0,12
787,0,0,0,0,0,0,0,0,0,0,0,0,0,0,0,1,0,0,12
787,0,0,0,0,0,0,0,0,0,0,0,0,0,0,0,1,0,0,12
787,0,0,0,0,0,0,0,0,0,0,0,0,0,0,0,1,0,0,12
787,0,0,0,0,0,0,0,0,0,0,0,0,0,0,0,1,0,0,12
787,0,0,0,0,0,0,0,0,0,0,0,0,0,0,0,1,0,0,12
787,0,0,0,0,0,0,0,0,0,0,0,0,0,0,0,1,0,0,12
688,0,0,0,0,0,0,0,0,0,0,0,0,0,0,0,2,0,0,10
687,0,0,0,0,0,0,0,0,0,0,0,0,0,0,0,2,0,0,11
588,0,0,0,0,0,0,0,0,0,0,0,0,0,0,0,2,0,0,10
588,0,0,0,0,0,0,0,0,0,0,0,0,0,0,0,2,0,0,10
588,0,0,0,0,0,0,0,0,0,0,0,0,0,0,0,2,0,0,10
588,0,0,0,0,0,0,0,0,0,0,0,0,0,0,0,2,0,0,10
588,0,0,0,0,0,0,0,0,0,0,0,0,0,0,0,2,0,0,10
588,0,0,1,0,0,0,0,0,0,0,0,0,0,0,0,2,0,0,9
589,0,0,0,0,0,0,0,0,0,0,0,0,0,0,0,2,0,0,9
588,0,0,0,0,0,0,0,0,0,0,0,0,0,0,0,2,0,0,10
588,0,0,1,0,0,0,0,0,0,0,0,0,0,0,0,1,0,0,10
588,0,0,1,0,0,0,0,0,0,0,0,0,0,0,0,1,0,0,10
588,0,0,1,0,0,0,0,0,0,0,0,0,0,0,0,1,0,0,10
588,0,0,1,0,0,0,0,0,0,0,0,0,0,0,0,0,0,0,11
589,0,0,0,0,0,0,0,0,0,0,0,0,0,0,0,0,0,0,11
589,0,0,0,0,0,0,0,0,0,0,0,0,0,0,0,0,0,0,11
589,0,0,0,0,0,0,0,0,0,0,0,0,0,0,0,0,0,0,11
589,0,0,0,0,0,0,0,0,0,0,0,0,0,0,0,0,0,0,11
588,0,0,0,0,0,0,0,0,0,0,0,0,0,0,0,0,0,0,12
588,0,0,0,0,0,0,0,0,0,0,0,0,0,0,0,0,0,0,12
588,0,0,0,0,0,0,0,0,0,0,0,0,0,0,0,0,0,0,12
588,0,0,0,0,0,0,0,0,0,0,0,0,0,0,0,0,0,0,12
588,0,0,1,0,0,0,0,0,0,0,0,0,0,0,0,0,0,0,11
588,0,0,1,0,0,0,0,0,0,0,0,0,0,0,0,0,0,0,11
588,0,0,1,0,0,0,0,0,0,0,0,0,0,0,0,0,0,0,11
588,0,0,2,0,0,0,0,0,0,0,0,0,0,0,0,0,0,0,10
588,0,0,2,0,0,0,0,0,0,0,0,0,0,0,0,0,0,0,10
588,0,0,3,0,0,0,0,0,0,0,0,0,0,0,0,0,0,0,9
588,0,0,3,0,0,0,0,0,0,0,0,0,0,0,0,0,0,0,9
588,0,0,2,0,0,0,0,0,0,0,0,0,0,0,0,0,0,0,10
588,0,0,2,0,0,0,0,0,0,0,0,0,0,0,0,0,0,0,10
588,0,0,2,0,0,0,0,0,0,0,0,0,0,0,0,0,0,0,10
588,0,0,0,0,0,0,0,0,0,0,0,0,0,0,0,0,0,0,12
588,0,0,0,0,0,0,0,0,0,0,0,0,0,0,0,0,0,0,12
588,0,0,0,0,0,0,0,0,0,0,0,0,0,0,0,1,0,0,11
588,0,0,1,0,0,0,0,0,0,0,0,0,0,0,0,1,0,0,10
588,0,0,1,0,0,0,0,0,0,0,0,0,0,0,0,1,0,0,10
588,0,0,1,0,0,0,0,0,0,0,0,0,0,0,0,2,0,0,9
588,0,0,0,0,0,0,0,0,0,0,0,0,0,0,0,1,0,0,11
588,0,0,0,0,0,0,0,0,0,0,0,0,0,0,0,2,0,0,10
588,0,0,0,0,0,0,0,0,0,0,0,0,0,0,0,2,0,0,10
588,0,0,0,0,0,0,0,0,0,0,0,0,0,0,0,2,0,0,10
588,0,0,0,0,0,0,0,0,0,0,0,0,0,0,0,2,0,0,10
588,0,0,0,0,0,0,0,0,0,0,0,0,0,0,0,2,0,0,10
588,0,0,0,0,0,0,0,0,0,0,0,0,0,0,0,1,0,0,11
588,0,0,0,0,0,0,0,0,0,0,0,0,0,0,0,1,0,0,11
588,0,0,0,0,0,0,0,0,0,0,0,0,0,0,0,1,0,0,11
588,0,0,0,0,0,0,0,0,0,0,0,0,0,0,0,0,0,0,12
588,0,0,1,0,0,0,0,0,0,0,0,0,0,0,0,0,0,0,11
588,0,0,1,0,0,0,0,0,0,0,0,0,0,0,0,0,0,0,11
588,0,0,1,0,0,0,0,0,0,0,0,0,0,0,0,2,0,0,9
588,0,0,2,0,0,0,0,0,0,0,0,0,0,0,0,3,0,0,7
588,0,0,2,0,0,0,0,0,0,0,0,0,0,0,0,3,0,0,7
588,0,0,2,0,0,0,0,0,0,0,0,0,0,0,0,3,0,0,7
588,0,0,2,0,0,0,0,0,0,0,0,0,0,0,0,1,0,0,9
589,0,0,1,0,0,0,0,0,0,0,0,0,0,0,0,1,0,0,9
589,0,0,1,0,0,0,0,0,0,0,0,0,0,0,0,1,0,0,9
589,0,0,1,0,0,0,0,0,0,0,0,0,0,0,0,1,0,0,9
589,0,0,1,0,0,0,0,0,0,0,0,0,0,0,0,1,0,0,9
589,0,0,1,0,0,0,0,0,0,0,0,0,0,0,0,1,0,0,9
589,0,0,1,0,0,0,0,0,0,0,0,0,0,0,0,0,0,0,10
589,0,0,1,0,0,0,0,0,0,0,0,0,0,0,0,0,0,0,10
589,0,0,1,0,0,0,0,0,0,0,0,0,0,0,0,1,0,0,9
589,0,0,1,0,0,0,0,0,0,0,0,0,0,0,0,1,0,0,9
589,0,0,1,0,0,0,0,0,0,0,0,0,0,0,0,1,0,0,9
589,0,0,1,0,0,0,0,0,0,0,0,0,0,0,0,1,0,0,9
590,0,0,0,0,0,0,0,0,0,0,0,0,0,0,0,0,0,0,10
590,0,0,0,0,0,0,0,0,0,0,0,0,0,0,0,0,0,0,10
590,0,0,0,0,0,0,0,0,0,0,0,0,0,0,0,0,0,0,10
589,0,0,0,0,0,0,0,0,0,0,0,0,0,0,0,0,0,0,11
589,0,0,0,0,0,0,0,0,0,0,0,0,0,0,0,0,0,0,11
589,0,0,1,0,0,0,0,0,0,0,0,0,0,0,0,0,0,0,10
589,0,0,1,0,0,0,0,0,0,0,0,0,0,0,0,0,0,0,10
589,0,0,1,0,0,0,0,0,0,0,0,0,0,0,0,0,0,0,10
589,0,0,1,0,0,0,0,0,0,0,0,0,0,0,0,0,0,0,10
589,0,0,1,0,0,0,0,0,0,0,0,0,0,0,0,0,0,0,10
589,0,0,1,0,0,0,0,0,0,0,0,0,0,0,0,0,0,0,10
589,0,0,0,0,0,0,0,0,0,0,0,0,0,0,0,0,0,0,11
589,0,0,0,0,0,0,0,0,0,0,0,0,0,0,0,0,0,0,11
589,0,0,0,0,0,0,0,0,0,0,0,0,0,0,0,0,0,0,11
589,0,0,0,0,0,0,0,0,0,0,0,0,0,0,0,0,0,0,11
589,0,0,0,0,0,0,0,0,0,0,0,0,0,0,0,0,0,0,11
589,0,0,0,0,0,0,0,0,0,0,0,0,0,0,0,0,0,0,11
589,0,0,0,0,0,0,0,0,0,0,0,0,0,0,0,0,0,0,11
589,0,0,0,0,0,0,0,0,0,0,0,0,0,0,0,0,0,0,11
589,0,0,0,0,0,0,0,0,0,0,0,0,0,0,0,0,0,0,11
589,0,0,1,0,0,0,0,0,0,0,0,0,0,0,0,0,0,0,10
