0,23,412,1472,3409,3494,1981,744,216,39,9,1,0,0,0,0,0,0,0,0
129,787,1614,2068,1986,1663,1282,870,563,331,219,110,81,49,23,11,9,3,0,2
132,810,1647,1999,1982,1713,1178,877,593,365,215,123,80,39,23,7,11,4,0,2
148,824,1607,1975,2037,1651,1269,838,568,363,246,114,67,32,27,16,10,4,3,1
134,817,1594,2017,2033,1675,1222,868,578,366,218,114,73,35,22,18,7,5,2,2
159,785,1626,2012,2018,1667,1215,878,572,347,214,131,75,50,22,13,7,2,1,6
121,818,1661,2095,1919,1637,1237,865,567,361,214,128,80,47,20,10,6,4,6,4
159,762,1657,2038,1982,1664,1232,904,518,371,208,119,86,43,26,13,7,5,1,5
123,841,1619,2083,1957,1629,1236,855,587,351,200,150,87,45,17,6,8,3,1,2
168,776,1609,2024,1990,1721,1249,829,577,337,218,123,59,42,34,22,11,6,4,1
144,809,1604,2049,2007,1610,1254,903,543,384,211,116,81,31,24,11,8,4,2,5
159,800,1596,2025,2071,1620,1268,836,545,356,220,125,71,50,27,14,7,4,2,4
137,834,1654,1972,1959,1669,1272,859,561,357,235,119,75,34,26,22,9,3,0,3
141,797,1721,2010,1895,1688,1226,884,554,353,222,134,64,50,29,13,7,4,1,7
143,824,1624,1972,1998,1713,1247,868,554,356,197,119,86,44,21,15,11,5,1,2
170,767,1620,2038,2018,1608,1290,854,565,367,220,118,79,35,25,13,6,2,2,3
139,842,1614,2004,2011,1685,1183,856,561,379,219,133,72,46,23,15,8,6,4,0
139,847,1578,2094,1974,1566,1277,900,571,344,206,128,67,45,15,22,9,8,3,7
142,863,1560,2009,2002,1675,1216,875,597,370,203,131,66,36,24,9,16,4,1,1
153,812,1639,2075,2021,1571,1212,793,582,388,233,141,82,46,23,11,8,3,3,4
144,877,1559,2022,2050,1612,1244,816,584,344,222,138,71,60,29,15,8,3,0,2
141,793,1560,2076,2029,1679,1210,861,588,370,223,111,67,33,20,19,12,6,2,0
122,848,1615,2044,1986,1598,1262,863,597,375,210,115,60,33,38,17,8,5,3,1
163,823,1626,2021,2000,1614,1261,844,566,368,206,133,71,44,20,13,7,8,3,9
146,785,1565,2073,2032,1678,1256,861,550,346,218,124,64,50,26,13,7,4,2,0
117,812,1648,2014,2033,1626,1249,852,575,365,203,133,68,54,35,9,2,3,0,2
126,840,1592,2052,2002,1654,1211,848,580,365,227,135,75,44,23,12,6,4,1,3
142,809,1653,1973,1967,1650,1297,852,616,347,227,124,65,35,18,8,9,4,2,2
133,819,1657,2028,1986,1646,1210,876,564,333,237,123,79,55,29,12,3,3,5,2
122,807,1650,2061,1945,1653,1270,878,571,329,212,126,71,53,14,15,10,7,3,3
124,829,1625,2048,2011,1603,1284,862,550,332,212,144,77,41,26,14,10,2,3,3
155,810,1568,2050,2007,1687,1260,875,517,366,197,117,85,50,25,17,3,6,1,4
145,796,1586,2059,2022,1667,1228,873,560,343,223,126,80,41,20,13,10,5,3,0
134,809,1605,2090,2036,1566,1263,870,538,358,218,124,75,55,32,14,8,2,1,2
131,832,1583,2008,2056,1735,1185,816,594,353,209,126,79,29,33,18,4,2,7,0
134,807,1629,2011,1958,1734,1231,858,566,389,187,135,77,37,20,11,8,6,0,2
142,813,1605,2061,2031,1654,1222,815,552,363,225,142,77,34,33,12,10,3,1,5
129,785,1629,2030,2073,1641,1244,880,523,338,206,139,87,48,21,14,8,1,1,3
143,820,1584,2004,2011,1710,1273,861,544,356,189,127,79,37,25,18,12,3,2,2
166,791,1589,2026,2025,1654,1281,832,582,342,213,143,50,47,26,12,11,8,1,1
139,821,1621,1992,2057,1610,1232,918,560,350,211,120,68,41,26,14,12,4,0,4
166,781,1648,2018,1944,1677,1257,885,552,330,223,146,84,42,24,11,4,2,4,2
154,801,1606,2042,2001,1666,1228,859,578,321,216,152,87,35,23,11,15,2,1,2
145,827,1614,2015,2018,1649,1228,859,591,322,225,127,82,42,21,18,10,5,1,1
152,826,1606,1980,2016,1664,1253,884,554,366,219,121,63,38,28,16,3,5,1,5
146,772,1585,2085,2024,1671,1225,889,546,361,211,127,62,36,24,18,10,5,0,3
144,828,1597,2066,1988,1672,1185,867,574,353,235,125,76,29,21,17,10,4,8,1
142,797,1619,2096,1975,1571,1300,857,570,358,200,141,79,35,21,19,13,4,2,1
125,828,1586,2058,2031,1614,1290,834,560,350,220,145,69,42,22,12,5,2,2,5
129,798,1590,2074,2071,1624,1203,856,595,361,206,123,91,36,16,8,8,4,4,3
141,804,1631,2035,1992,1646,1209,925,575,325,209,138,79,39,27,9,3,7,3,3
142,799,1619,2065,1982,1669,1224,868,555,343,230,129,76,47,21,13,10,4,0,4
151,848,1605,1999,2010,1590,1244,878,587,351,251,137,66,43,22,9,3,1,2,3
121,770,1613,2071,2039,1635,1240,899,556,354,210,122,76,40,29,15,9,0,0,1
136,824,1630,2041,1955,1664,1237,862,570,359,213,136,75,41,31,10,8,1,3,4
127,783,1670,2062,2034,1585,1246,835,550,377,217,132,83,44,23,13,11,5,1,2
124,832,1580,2090,1943,1709,1229,851,588,327,236,121,63,49,21,20,12,3,1,1
145,852,1615,1976,2027,1636,1272,851,526,355,219,144,82,42,26,16,8,4,2,2
136,829,1596,2078,1977,1640,1284,810,561,364,218,129,68,56,25,13,6,6,3,1
133,801,1621,2044,1990,1667,1239,875,570,363,209,126,78,30,21,14,11,5,2,1
143,818,1593,2097,1989,1609,1204,902,584,343,212,118,89,45,19,15,6,5,6,3
141,833,1626,2004,1963,1654,1254,875,561,385,209,128,67,56,19,11,7,3,2,2
135,846,1651,1997,1994,1599,1278,831,563,388,217,132,64,36,26,17,10,13,2,1
146,847,1633,2003,1954,1599,1291,887,566,350,230,113,72,53,26,13,12,4,1,0
133,800,1615,2033,2053,1627,1249,876,555,353,213,100,86,39,29,19,10,5,2,3
148,799,1628,2057,1909,1662,1308,851,577,378,202,115,73,34,29,13,8,5,1,3
130,826,1606,2025,1998,1614,1290,882,603,333,220,120,56,52,17,15,4,5,1,3
136,809,1636,2041,2023,1575,1274,861,588,337,227,114,94,31,23,16,6,4,3,2
141,847,1633,2044,1950,1605,1273,887,542,307,253,131,88,44,26,11,3,8,3,4
130,850,1681,1953,1954,1648,1259,861,570,357,258,133,61,25,28,12,7,4,6,3
126,800,1628,2091,2040,1600,1221,850,542,356,234,135,71,55,26,13,7,1,3,1
147,825,1654,2044,1959,1590,1258,864,586,349,220,106,82,58,26,17,8,6,0,1
143,818,1643,2017,1990,1624,1245,855,595,357,210,127,86,36,22,19,6,1,2,4
145,813,1597,2005,2045,1695,1203,867,545,377,196,132,82,52,25,9,6,4,1,1
139,821,1652,2031,1929,1676,1231,877,565,366,225,112,73,43,31,16,6,3,2,2
142,835,1627,2016,2003,1652,1201,862,576,351,250,106,67,56,28,10,9,4,3,2
145,808,1646,2068,1960,1673,1263,821,514,341,208,143,81,66,28,14,10,4,2,5
120,782,1625,2098,2012,1653,1242,833,571,362,204,120,71,50,22,15,10,5,2,3
124,792,1673,2021,2007,1629,1271,858,555,336,224,154,60,34,29,21,8,1,1,2
138,793,1631,2007,1989,1704,1210,912,589,351,201,118,70,45,16,9,2,6,4,5
151,825,1570,2016,2004,1673,1274,813,601,343,239,129,85,49,9,9,6,2,1,1
137,783,1657,2057,1955,1620,1282,879,569,345,220,126,80,39,25,9,9,3,4,1
129,800,1616,2017,2033,1641,1270,884,553,350,215,135,79,41,18,10,4,2,1,2
152,778,1658,2023,2006,1625,1251,887,576,313,220,162,60,43,24,10,6,2,3,1
138,801,1698,1953,2009,1639,1208,910,574,356,200,135,69,56,26,13,4,7,1,3
160,791,1608,2024,2020,1635,1232,928,534,335,231,129,75,52,22,14,6,2,2,0
145,805,1658,2008,2015,1617,1256,840,601,353,205,116,70,44,22,19,11,6,5,4
131,781,1643,2079,1940,1666,1270,865,578,338,220,118,83,48,19,9,4,3,0,5
137,843,1640,1984,1941,1631,1301,907,562,380,183,111,71,45,27,17,9,6,2,3
134,839,1639,1997,1962,1681,1239,886,556,349,221,122,76,51,23,12,5,5,2,1
121,809,1655,2021,2025,1651,1238,840,568,375,198,107,84,53,25,18,2,2,3,5
142,785,1686,2031,1934,1608,1283,895,579,352,221,127,67,30,22,21,6,7,2,2
139,841,1652,1961,1982,1682,1218,900,551,363,197,128,89,38,28,15,6,5,1,4
129,814,1609,2034,1947,1776,1227,849,565,338,203,142,82,41,17,17,4,4,1,1
139,819,1655,1997,1954,1649,1297,863,542,357,228,124,79,42,23,11,11,8,1,1
144,806,1650,1967,1996,1710,1188,890,605,360,212,104,70,44,25,15,6,4,3,1
140,781,1670,2018,1990,1674,1208,877,575,339,222,125,93,44,19,10,6,3,2,4
133,817,1689,2015,2020,1675,1115,879,563,329,229,142,75,50,29,16,14,4,2,4
154,769,1661,2034,1980,1600,1253,932,575,362,193,117,77,36,23,14,13,3,1,3
139,820,1650,2043,1916,1636,1304,880,553,336,204,143,89,37,21,15,5,3,2,4
141,835,1654,2019,2000,1624,1216,847,571,354,192,151,91,45,37,14,5,1,0,3
130,854,1619,2034,1988,1645,1226,825,557,377,236,118,93,56,20,8,8,1,2,3
149,846,1604,1959,2016,1691,1231,866,550,356,231,129,87,44,19,10,6,2,2,2
131,786,1652,2097,1947,1653,1255,887,523,334,213,141,77,43,26,16,8,5,2,4
131,849,1666,2000,2004,1608,1197,865,582,363,211,124,87,51,32,15,8,3,2,2
120,833,1686,1959,2001,1677,1232,866,556,347,207,134,76,47,26,17,6,4,2,4
146,819,1619,2005,2028,1635,1229,892,556,357,228,107,78,48,24,10,8,5,1,5
144,859,1625,1974,1966,1652,1295,860,512,387,220,134,79,45,22,6,11,4,2,3
115,804,1665,2099,2000,1614,1234,798,546,383,223,133,66,50,29,20,10,7,1,3
141,781,1636,2077,1975,1617,1230,909,581,334,233,119,65,52,24,15,3,3,2,3
140,833,1620,2082,1928,1617,1270,844,572,357,247,131,71,35,23,17,9,0,2,2
119,804,1618,2105,1979,1658,1202,876,569,343,233,122,81,28,27,17,8,7,0,4
147,828,1603,1963,2031,1641,1246,876,594,392,239,97,68,29,19,14,4,5,4,0
142,861,1544,2056,2020,1616,1237,913,541,349,227,120,84,35,20,10,10,8,4,3
144,828,1603,2049,1940,1648,1299,840,589,343,225,131,71,33,30,11,8,3,4,1
139,823,1605,2021,1977,1701,1234,858,596,321,196,144,83,48,25,15,5,4,4,1
150,851,1614,1950,1954,1720,1285,830,567,362,222,130,69,43,23,12,8,5,2,3
133,856,1583,1966,1962,1700,1338,849,564,364,200,126,74,36,24,15,3,3,1,3
156,795,1596,2124,1913,1676,1188,913,560,362,220,137,72,47,17,7,9,2,1,5
129,825,1672,2012,1974,1634,1240,854,581,341,214,139,73,58,31,11,8,2,2,0
129,853,1600,2019,2007,1619,1273,870,545,357,233,131,74,43,20,11,9,4,1,2
153,813,1653,1992,1950,1689,1257,827,575,353,239,121,76,46,33,12,4,4,1,2
128,791,1566,2021,2074,1716,1266,857,554,353,192,131,55,32,27,20,9,4,0,4
133,825,1669,1937,2062,1657,1216,845,585,357,195,129,80,47,27,18,7,3,4,4
155,796,1623,2004,2021,1651,1283,834,570,347,198,127,93,45,20,15,7,8,3,0
131,804,1601,2054,2013,1681,1246,839,560,347,207,130,89,46,25,12,8,2,4,1
133,844,1613,2024,1984,1662,1209,879,567,375,209,139,74,45,16,10,8,6,3,0
150,863,1566,1980,2015,1638,1276,874,571,361,209,140,71,34,28,11,6,2,0,5
126,833,1637,1962,2059,1649,1220,869,588,344,227,120,71,40,23,15,8,2,3,4
146,849,1640,1998,1947,1697,1189,859,551,405,198,143,86,40,20,13,10,5,1,3
128,824,1627,2045,2002,1632,1275,844,543,341,217,145,68,47,25,13,13,5,2,4
118,850,1630,2058,1915,1639,1318,819,562,377,225,128,73,38,23,15,8,3,1,0
154,807,1622,1990,2025,1646,1223,850,599,365,226,121,67,55,28,11,6,5,0,0
133,810,1589,2052,2045,1634,1222,867,589,343,226,123,76,46,25,11,4,3,2,0
128,894,1580,2077,1965,1608,1226,830,593,343,218,140,82,61,26,15,8,4,1,1
138,830,1632,2043,1984,1598,1181,908,566,400,232,130,77,39,20,13,2,4,3,0
134,801,1593,2084,2000,1678,1214,847,540,369,237,132,82,41,20,11,8,7,1,1
142,826,1571,2074,2003,1622,1251,889,534,381,204,145,58,39,27,15,7,5,6,1
143,801,1640,2045,1948,1673,1286,821,557,320,256,129,91,31,31,12,5,4,3,4
169,763,1681,1996,1968,1667,1271,860,581,326,199,138,67,52,24,12,15,6,2,3
128,788,1684,1997,1986,1698,1250,842,539,363,211,144,65,46,28,7,7,6,7,4
124,822,1605,2069,1993,1638,1239,860,560,396,195,117,79,47,25,12,11,4,3,1
132,829,1626,2047,1960,1672,1237,857,550,359,220,125,93,38,24,12,7,5,3,4
146,820,1550,2059,1975,1695,1266,912,518,355,193,135,77,48,24,11,8,6,1,1
132,847,1539,2045,2038,1657,1247,902,546,354,199,137,56,35,31,14,11,6,1,3
140,812,1648,2009,1994,1607,1211,896,609,396,198,130,79,31,16,8,6,4,4,2
140,795,1660,2050,1975,1626,1259,822,583,382,212,135,73,44,20,10,7,3,3,1
137,809,1601,2046,2011,1650,1211,879,610,356,184,135,80,42,18,17,6,4,2,2
151,818,1641,2039,2029,1617,1212,814,536,381,232,137,94,48,22,11,11,2,3,2
136,814,1647,2001,1994,1605,1273,857,582,399,219,135,57,40,16,8,10,5,0,2
148,822,1610,2041,1998,1652,1225,829,600,354,195,142,83,49,22,13,8,4,2,3
151,839,1605,2005,1967,1661,1270,849,582,354,213,133,75,41,26,10,8,5,6,0
136,800,1672,2032,1927,1679,1252,913,511,333,219,148,81,38,29,14,9,1,4,2
136,832,1607,2065,1972,1676,1242,814,562,353,218,127,88,55,19,12,8,7,1,6
140,834,1598,2037,2057,1621,1204,875,548,371,203,131,80,36,27,16,10,2,5,5
139,834,1634,2011,1990,1648,1183,892,601,357,221,127,73,40,22,5,9,7,3,4
133,790,1569,2095,2019,1638,1235,846,589,377,243,116,74,36,16,9,7,3,2,3
144,884,1594,1973,2013,1638,1193,885,605,368,198,122,81,46,22,20,8,2,2,2
138,858,1629,1993,2021,1597,1226,848,600,367,206,127,91,43,23,19,5,5,1,3
129,831,1640,1971,1933,1698,1248,950,567,352,200,135,65,39,18,11,7,4,1,1
128,802,1646,2064,1967,1677,1206,870,543,375,210,129,95,33,27,11,7,9,1,0
134,803,1651,1986,2019,1645,1263,860,571,369,216,116,67,39,26,17,8,5,4,1
151,807,1602,2008,2004,1707,1199,888,562,360,224,127,73,42,19,16,7,2,1,1
155,843,1641,1975,1957,1651,1257,877,536,363,235,131,87,43,19,14,10,3,1,2
132,776,1612,2022,2024,1689,1218,949,539,347,212,142,60,32,22,10,4,7,0,3
133,820,1607,2011,1978,1739,1241,871,559,348,200,112,75,37,30,21,6,5,5,2
144,845,1598,2048,1963,1614,1265,879,574,346,228,109,81,49,24,15,12,5,1,0
148,809,1619,1965,2025,1663,1274,871,577,378,186,115,73,41,30,11,4,5,4,2
134,819,1597,2047,1970,1666,1281,906,550,340,178,115,90,52,25,14,9,6,1,0
114,852,1623,2002,1971,1684,1252,867,577,361,214,131,62,42,23,14,4,2,3,2
129,841,1581,2046,1980,1684,1280,844,518,369,230,129,87,44,16,7,6,7,1,1
143,857,1549,2096,1983,1604,1276,832,576,329,220,159,80,44,19,17,5,5,4,2
120,800,1655,2075,1964,1607,1251,883,557,358,235,124,79,38,25,13,6,2,5,3
133,829,1632,1961,2001,1665,1266,863,576,373,227,118,62,49,17,12,8,4,2,2
130,778,1670,2049,2031,1634,1203,854,548,383,200,136,93,38,25,14,8,2,3,1
170,846,1580,1968,2025,1711,1209,858,548,327,237,128,90,42,28,12,7,7,3,4
170,856,1632,1926,1952,1704,1257,864,542,356,225,138,81,50,20,12,8,0,2,5
137,800,1637,2032,1970,1670,1243,876,574,363,198,137,63,50,22,12,8,3,1,4
135,806,1618,2016,2014,1675,1251,881,555,334,195,138,86,43,26,13,7,2,4,1
136,795,1633,2058,2008,1648,1235,844,589,339,210,141,68,39,21,18,5,8,0,5
147,780,1669,1970,2052,1667,1193,866,586,369,211,135,54,39,33,10,10,2,4,3
138,827,1569,2053,2005,1650,1213,932,560,356,222,109,83,28,25,12,7,7,1,3
148,856,1577,2043,1993,1624,1301,799,548,387,211,121,83,56,17,19,8,4,2,3
132,818,1643,2036,1974,1651,1223,846,604,358,230,109,87,40,19,15,7,3,2,3
119,874,1597,2048,1992,1639,1240,882,536,334,205,124,102,53,24,12,8,6,4,1
150,799,1665,2014,1950,1649,1265,857,593,340,227,108,74,51,25,13,13,5,0,2
155,814,1565,2049,2055,1584,1264,847,576,392,212,127,75,38,18,13,6,5,4,1
131,800,1647,2003,2060,1662,1212,857,565,338,197,145,74,47,27,15,9,6,3,2
143,806,1676,2042,1976,1610,1187,887,568,379,221,122,84,49,17,15,11,2,0,5
139,843,1618,1991,2017,1639,1227,878,583,366,200,102,90,44,28,14,9,4,3,5
127,858,1628,2085,1948,1621,1176,881,568,365,230,131,80,47,31,12,5,1,1,5
132,809,1623,2051,2016,1578,1274,892,546,359,219,139,72,45,22,10,6,5,0,2
131,834,1581,2084,1988,1607,1242,874,563,374,231,132,67,42,20,15,6,6,0,3
142,798,1651,2017,1939,1676,1252,898,594,351,207,132,55,39,24,8,7,5,3,2
122,846,1610,2011,2068,1630,1237,834,567,360,214,129,63,41,29,15,9,4,7,4
144,802,1637,1995,1955,1667,1272,913,573,336,230,123,61,39,26,18,6,2,1,0
126,796,1672,1980,2048,1663,1238,843,566,353,198,145,79,41,27,8,13,3,0,1
144,804,1663,1977,1988,1658,1261,878,561,345,221,135,74,44,19,13,8,3,1,3
141,838,1638,1989,1985,1641,1234,889,582,355,208,136,80,40,18,9,9,5,1,2
150,773,1648,2015,1982,1652,1242,916,585,334,221,127,75,36,23,7,9,3,1,1
136,779,1646,2076,1970,1645,1249,892,541,333,229,139,69,30,32,16,12,1,1,4
147,780,1612,2061,2004,1654,1229,863,583,364,209,135,67,36,25,15,11,2,1,2
127,847,1603,2068,1960,1616,1308,825,554,365,213,131,77,47,28,19,6,3,1,2
157,825,1566,2058,1978,1627,1242,938,557,368,186,117,85,47,18,10,11,4,5,1
129,815,1574,2070,2017,1650,1222,925,560,367,169,134,65,43,22,20,8,6,0,4
133,824,1633,2032,2013,1622,1255,832,570,337,237,130,82,41,22,15,10,6,2,4
146,797,1640,2020,2011,1624,1218,883,584,348,231,134,75,39,26,8,11,2,1,2
143,854,1587,2046,1971,1691,1234,818,570,345,222,138,78,40,25,12,7,9,3,7
151,800,1596,1969,2048,1724,1248,846,576,351,214,111,73,37,22,13,10,3,1,7
142,779,1677,2070,1945,1619,1251,886,553,362,219,125,62,43,25,17,12,6,4,3
122,810,1571,2068,2025,1654,1291,848,581,352,193,111,81,46,20,10,13,1,1,2
123,862,1669,1998,1894,1683,1237,895,558,350,235,123,79,37,27,12,13,1,2,2
144,821,1544,2063,2013,1684,1201,922,565,339,223,117,68,44,24,12,6,5,1,4
143,793,1565,2097,2013,1695,1210,837,585,334,219,147,67,47,21,11,10,3,2,1
147,825,1637,2001,1959,1687,1248,872,554,369,215,119,67,45,23,15,5,5,3,4
130,830,1603,2047,2023,1586,1259,911,570,317,230,122,79,36,31,13,5,3,4,1
143,825,1656,2005,1975,1659,1209,892,542,365,213,140,65,52,27,8,13,5,2,4
143,827,1605,1986,2080,1613,1230,879,589,360,191,125,78,42,19,12,7,5,5,4
136,846,1612,1972,2078,1678,1197,826,545,371,221,145,78,38,26,11,7,6,4,3
124,843,1608,2071,1972,1618,1292,876,538,327,205,121,84,57,31,19,6,3,1,4
145,839,1604,1990,2028,1660,1219,862,564,376,215,119,82,48,24,13,4,3,3,2
113,831,1618,2032,1988,1676,1251,860,584,349,204,140,64,44,26,10,3,2,5,0
118,816,1656,2055,1975,1686,1216,811,564,360,226,149,72,51,17,13,10,1,2,2
159,817,1613,2035,1986,1627,1229,887,579,360,224,110,74,46,23,11,6,5,4,5
152,860,1640,1950,1962,1643,1242,845,640,381,197,121,79,37,27,17,3,3,0,1
172,831,1649,1993,1922,1606,1274,874,574,388,211,141,76,37,29,10,6,3,3,1
137,854,1638,2030,2016,1553,1260,851,566,351,224,133,77,50,20,18,12,6,1,3
173,829,1615,2078,1931,1647,1174,895,578,349,196,139,74,58,31,18,9,1,5,0
151,770,1664,2031,2007,1654,1238,845,548,362,234,118,71,46,33,9,12,3,4,0
142,835,1635,1977,1985,1653,1272,866,562,387,190,129,73,40,23,9,10,9,0,3
128,834,1656,2061,1925,1642,1248,836,567,381,217,136,72,36,35,9,6,5,2,4
128,791,1630,2056,1925,1730,1266,867,568,358,192,121,69,48,23,11,10,5,1,1
139,829,1638,2008,1956,1700,1222,846,591,341,234,118,81,45,20,16,8,5,0,3
145,827,1604,2022,2050,1608,1264,828,557,366,215,131,88,47,24,10,4,5,3,2
135,820,1615,2005,2029,1672,1244,849,548,346,223,136,74,49,27,14,6,4,1,3
134,796,1639,2065,2044,1565,1218,883,575,362,224,122,71,46,24,10,7,7,4,4
141,862,1574,2037,1974,1667,1235,838,566,389,226,129,69,43,23,10,10,3,1,3
155,799,1587,2083,1993,1678,1231,815,561,352,244,113,85,52,24,14,5,2,4,3
132,789,1645,1994,1977,1681,1255,925,577,359,185,125,71,34,26,13,6,2,2,2
144,871,1606,1981,1978,1701,1207,865,568,376,201,124,77,40,27,17,10,2,2,3
123,821,1670,2063,1931,1610,1274,850,591,356,202,134,74,40,32,9,7,7,3,3
135,817,1641,2034,1977,1675,1206,857,562,376,232,118,64,50,26,10,10,1,6,3
127,820,1635,2030,1930,1694,1281,896,538,338,227,126,73,42,18,12,8,1,1,3
145,797,1579,2067,2004,1624,1334,844,565,343,221,107,74,39,23,18,10,2,1,3
100,820,1639,2015,2100,1652,1207,834,559,352,215,138,67,51,20,10,7,6,5,3
151,841,1631,1997,1989,1554,1284,898,582,375,214,104,74,41,33,15,7,3,4,3
138,809,1628,2039,2047,1628,1179,893,551,365,189,148,86,45,23,13,10,1,5,3
141,835,1632,1999,1939,1699,1254,868,559,348,220,139,79,38,22,11,9,4,3,1
139,800,1664,2057,1971,1583,1241,885,582,358,217,121,82,46,30,13,3,4,3,1
137,840,1621,1956,2036,1664,1280,838,574,335,192,142,86,44,18,15,9,8,2,3
168,845,1540,2052,2003,1608,1272,835,583,370,219,130,80,42,33,11,6,3,0,0
150,842,1581,2041,1995,1671,1195,884,555,336,251,126,75,49,22,13,9,4,1,0
136,787,1631,2039,2003,1669,1246,839,593,378,187,126,76,42,14,17,7,4,2,4
159,812,1574,1979,2049,1702,1246,865,561,340,215,120,72,50,30,13,9,4,0,0
123,816,1628,2036,2050,1588,1258,863,574,325,225,139,91,40,20,13,4,2,2,3
150,773,1618,2045,1982,1671,1261,887,556,373,197,121,69,45,28,12,7,1,3,1
153,760,1670,2027,1947,1705,1254,822,583,378,221,129,62,32,20,16,13,4,1,3
141,799,1624,1972,2026,1732,1228,885,548,318,215,141,77,37,23,16,12,5,0,1
120,787,1628,2053,2024,1675,1251,840,567,335,220,128,71,44,28,12,8,5,0,4
136,829,1638,2027,1955,1642,1248,885,602,310,230,130,66,44,30,8,8,7,3,2
140,794,1626,2093,1982,1634,1268,809,575,355,204,133,90,46,22,8,10,4,2,5
131,860,1594,1968,2059,1613,1244,923,566,329,216,134,79,42,19,9,3,4,3,4
143,818,1623,1969,1988,1671,1300,885,543,353,233,127,56,41,27,8,6,5,2,2
147,818,1620,2072,2003,1629,1187,851,550,343,244,143,92,41,28,13,9,2,5,3
115,818,1626,2043,1948,1740,1246,838,559,349,217,138,79,30,20,15,9,5,1,4
130,769,1629,2063,1954,1712,1262,877,546,333,228,136,79,45,17,10,6,1,2,1
134,818,1623,2025,1980,1659,1279,873,561,325,218,132,84,41,20,15,4,6,1,2
122,831,1746,1979,1970,1582,1208,878,546,390,229,139,90,41,25,14,4,1,3,2
129,817,1723,2013,1975,1547,1263,894,551,376,212,114,69,51,27,16,8,8,3,4
132,844,1589,1987,2030,1682,1224,859,582,355,218,120,76,42,32,12,9,4,0,3
142,791,1673,1974,2031,1610,1298,864,566,343,192,129,80,58,24,9,9,3,3,1
128,885,1614,1990,1988,1603,1209,917,605,359,213,115,82,40,15,17,7,4,6,3
132,848,1668,1997,1930,1633,1269,888,578,352,206,130,66,40,24,16,11,6,2,4
146,795,1617,2046,1983,1661,1251,863,541,392,205,145,66,38,28,10,6,5,2,0
137,810,1629,2018,1982,1659,1290,841,549,374,209,135,74,41,22,11,5,4,4,6
135,853,1558,2042,2040,1640,1213,867,599,344,199,136,81,34,27,17,8,3,0,4
143,813,1562,2037,2030,1679,1225,871,570,381,228,114,70,33,21,7,5,7,1,3
132,866,1620,1982,2033,1606,1217,904,533,361,239,134,71,48,25,13,8,1,3,4
135,828,1664,1999,1972,1630,1264,871,536,363,243,108,84,46,31,11,5,5,3,2
142,783,1674,1981,2012,1673,1245,890,552,329,228,122,72,40,23,19,7,6,1,1
142,807,1611,2003,2045,1710,1216,871,522,358,208,132,77,32,35,14,11,1,3,2
147,854,1617,2012,1992,1646,1197,823,621,347,232,138,73,44,26,13,9,4,3,2
122,862,1609,2057,1923,1627,1259,884,591,343,217,144,73,35,22,7,11,6,5,3
123,877,1578,2050,1999,1591,1267,850,549,400,235,123,69,37,23,19,5,1,1,3
127,824,1617,2014,1995,1697,1291,817,556,355,202,121,76,39,30,19,10,5,1,4
150,828,1668,1939,1981,1643,1290,848,549,375,234,131,76,40,21,12,12,0,1,2
152,867,1638,1997,1914,1658,1246,891,567,350,202,129,78,57,19,14,8,6,3,4
152,785,1604,2059,1959,1698,1241,878,553,374,229,107,72,36,23,14,6,6,2,2
145,777,1693,2012,1997,1639,1241,860,551,344,225,122,92,41,27,16,4,8,4,2
141,838,1625,2022,1968,1666,1254,828,539,389,204,135,96,50,18,13,9,3,1,1
134,822,1571,2085,2023,1660,1236,869,518,339,235,129,71,47,24,12,12,4,2,7
134,828,1649,2095,1910,1674,1194,858,555,350,232,153,74,42,20,18,5,4,3,2
136,742,1622,2087,2060,1651,1228,872,529,361,213,138,72,38,22,16,8,3,2,0
136,832,1633,2061,2006,1593,1214,871,580,344,210,137,78,46,29,14,7,3,5,1
144,857,1613,2015,1992,1603,1225,879,580,391,208,124,71,33,29,17,7,5,4,3
133,818,1668,2061,2007,1569,1212,857,590,328,235,128,76,55,26,14,10,6,2,5
137,782,1598,2025,2067,1665,1243,886,544,339,221,133,75,41,15,13,8,5,1,2
133,841,1612,2019,1990,1642,1236,914,557,363,207,114,76,35,29,13,10,5,3,1
131,828,1690,1983,1986,1650,1200,856,589,345,237,125,76,44,22,17,12,6,2,1
152,787,1631,2036,2022,1610,1220,884,598,357,222,113,72,37,31,10,11,2,1,4
146,807,1610,2062,1954,1680,1255,842,567,367,210,141,69,39,16,14,14,3,2,2
150,784,1657,2037,1967,1665,1230,860,544,372,232,134,75,37,30,14,5,4,2,1
117,839,1606,2093,1996,1638,1240,832,532,364,237,140,71,42,21,14,7,2,4,5
145,829,1648,2039,1938,1654,1230,844,582,353,228,138,74,33,27,12,14,7,2,3
148,817,1624,2040,1985,1605,1269,864,588,353,223,108,64,51,24,18,12,2,3,2
134,765,1681,1982,2040,1661,1263,882,556,349,192,125,72,51,17,15,4,4,2,5
136,821,1637,1972,2068,1622,1290,811,577,355,212,123,62,47,28,18,9,5,4,3
141,885,1597,2012,1941,1631,1219,908,581,367,205,149,75,37,22,13,9,3,3,2
140,817,1673,1955,1994,1660,1260,886,564,338,199,134,73,45,26,11,9,5,5,6
150,783,1609,2088,1987,1639,1207,858,616,333,237,125,78,40,21,15,7,3,3,1
132,853,1601,2041,1971,1690,1161,900,553,380,223,133,71,34,21,14,8,7,6,1
137,790,1632,2007,2028,1665,1287,834,546,369,226,124,70,35,22,12,5,4,2,5
151,817,1579,2053,2017,1640,1243,878,581,320,218,126,80,40,26,16,7,3,2,3
134,817,1614,2101,1961,1652,1256,816,567,336,215,142,82,59,19,13,5,4,3,4
146,838,1602,1995,1965,1688,1266,888,557,364,195,118,75,46,22,16,9,5,3,2
147,802,1674,2007,1959,1610,1285,889,563,357,197,126,75,53,22,18,4,2,6,4
134,853,1610,1994,1979,1673,1275,831,595,352,209,136,72,36,23,14,5,5,0,4
122,844,1567,2072,2001,1701,1225,840,554,353,222,136,69,29,34,15,8,1,3,4
136,810,1618,2058,1952,1686,1217,903,568,342,222,113,88,40,10,14,11,5,6,1
162,804,1633,1954,2073,1606,1268,908,514,349,210,142,81,48,24,15,3,5,0,1
136,777,1612,2096,2005,1642,1232,876,573,337,207,129,85,49,22,10,8,0,2,2
143,777,1634,1948,2076,1693,1304,794,572,346,226,102,90,40,35,11,5,2,1,1
143,849,1632,2068,1943,1613,1234,896,539,340,216,132,79,54,25,16,9,5,3,4
142,860,1662,1949,1961,1643,1259,881,566,370,205,132,66,40,25,14,10,5,4,6
129,792,1602,2068,2007,1664,1251,866,572,355,212,118,65,39,31,10,6,6,5,2
132,819,1620,1976,2062,1645,1269,874,543,331,232,122,81,37,28,16,7,2,3,1
121,808,1618,2097,1998,1574,1280,851,582,361,234,117,79,36,18,12,5,4,1,4
123,777,1650,2061,1981,1674,1237,843,575,382,213,114,74,52,20,6,13,2,0,3
120,794,1655,2085,1941,1675,1232,895,521,364,197,128,87,46,24,21,9,2,1,3
122,798,1637,2088,2001,1608,1227,861,565,352,256,140,62,42,18,13,4,2,2,2
138,836,1661,1970,1961,1661,1246,914,552,338,201,151,66,46,28,12,6,6,2,5
158,828,1541,2076,1997,1645,1245,867,539,375,239,130,78,36,22,11,4,7,2,0
168,812,1639,2011,1935,1668,1251,853,568,370,227,142,70,30,22,10,12,3,5,4
121,794,1668,2014,1963,1706,1240,897,536,349,215,121,83,44,26,11,5,6,1,0
139,820,1643,1990,2030,1658,1242,842,535,382,235,100,74,53,27,13,8,4,4,1
173,833,1527,2068,1981,1691,1263,846,543,356,194,138,84,44,25,17,6,7,3,1
146,812,1627,1982,2065,1617,1203,891,596,379,189,124,74,48,16,20,5,2,2,2
129,890,1551,2016,2011,1665,1260,858,556,335,213,132,81,47,28,19,4,1,1,3
146,824,1559,2069,2009,1612,1300,856,528,381,217,132,69,55,20,12,7,2,1,1
157,853,1565,2006,2022,1637,1227,884,596,360,182,139,78,45,17,13,9,5,4,1
142,870,1634,1997,1960,1632,1192,921,570,362,219,121,77,48,16,15,13,7,1,3
146,792,1619,2041,2022,1655,1271,826,565,333,214,152,68,38,31,14,6,0,3,4
145,847,1585,1998,2020,1660,1249,861,558,366,232,119,62,54,21,7,6,4,3,3
149,794,1613,2106,1909,1699,1304,782,563,347,202,144,87,36,39,10,6,3,3,4
152,833,1657,2006,1996,1630,1184,835,581,368,238,145,78,47,23,13,6,7,0,1
137,882,1613,1944,1965,1726,1226,846,587,366,201,125,78,54,22,12,7,4,5,0
147,821,1572,2049,2009,1651,1293,839,558,357,199,130,57,51,27,15,14,8,2,1
142,831,1631,2053,1919,1614,1277,877,589,351,231,117,65,43,32,13,6,3,2,4
136,813,1603,2039,1979,1722,1256,864,508,369,213,107,74,55,26,18,7,4,4,3
151,810,1627,2019,2002,1668,1215,852,569,388,194,130,81,39,28,8,8,6,2,3
150,839,1594,2024,1984,1677,1232,874,525,378,219,124,77,51,26,11,6,4,2,3
166,797,1636,2003,1993,1676,1222,845,562,388,230,124,62,42,29,10,10,2,2,1
141,805,1617,1939,2088,1685,1199,927,522,376,223,114,80,32,25,17,2,4,1,3
143,815,1636,2049,2010,1597,1213,885,561,356,222,140,72,46,25,14,8,2,4,2
155,808,1605,2038,2026,1642,1213,849,576,363,207,151,79,42,17,14,8,3,1,3
132,836,1585,2037,2057,1601,1249,876,575,342,191,134,77,44,36,17,6,1,2,2
131,820,1613,2032,2024,1669,1269,797,553,335,243,133,84,43,25,14,8,4,2,1
132,811,1657,2011,1981,1655,1242,870,587,362,191,131,77,47,17,9,6,6,2,6
143,848,1596,1970,2022,1701,1260,847,529,366,201,125,90,39,33,15,7,6,1,1
145,836,1582,2028,1972,1722,1242,845,566,348,211,130,72,41,21,16,14,3,3,3
131,816,1652,2012,2025,1650,1220,835,551,372,216,146,74,47,22,17,7,3,3,1
127,851,1677,1961,1989,1663,1192,882,584,338,222,130,85,47,26,13,5,3,3,2
128,839,1610,2045,1954,1673,1255,882,556,338,216,135,68,45,30,11,5,6,2,2
138,842,1647,1988,1999,1618,1195,897,606,340,244,131,68,37,25,7,8,5,3,2
131,809,1618,2050,2019,1631,1263,831,563,366,213,131,75,44,27,9,10,5,1,4
147,800,1639,2036,1964,1617,1250,889,599,340,235,126,75,46,21,7,5,1,2,1
135,810,1646,2012,1951,1686,1230,900,572,352,213,125,76,42,17,19,8,1,5,0
145,791,1602,2088,1950,1667,1294,856,562,342,220,133,58,35,21,16,5,5,3,7
156,832,1591,2016,1947,1698,1267,870,570,343,200,126,76,46,26,13,11,3,4,5
141,847,1562,2035,2034,1636,1217,901,549,378,216,111,69,47,22,10,10,8,2,5
125,815,1695,2050,1955,1580,1259,833,590,377,214,123,80,37,34,14,6,3,8,2
149,784,1660,1972,2020,1686,1230,874,550,353,231,123,72,48,16,14,6,6,4,2
130,782,1573,2158,2009,1658,1203,828,593,351,200,150,79,34,27,8,8,2,4,3
131,813,1674,1989,1970,1655,1218,909,588,341,223,122,65,50,22,14,10,1,2,3
122,849,1545,2002,2140,1586,1294,848,558,374,208,108,60,48,23,16,12,3,1,3
127,860,1637,2022,1937,1627,1313,815,574,357,218,147,72,43,21,15,7,3,1,4
148,779,1613,2029,1994,1690,1274,849,566,364,225,113,72,27,24,19,4,6,1,3
141,834,1606,2006,1974,1702,1258,825,576,379,210,134,57,40,28,9,8,7,2,4
161,833,1627,2005,1986,1629,1247,832,584,361,220,145,71,39,25,14,8,4,3,6
133,776,1677,2040,1964,1656,1213,913,564,394,186,116,68,44,27,13,8,4,2,2
140,823,1698,1991,1979,1576,1262,824,599,365,240,138,82,37,21,12,8,1,1,3
140,868,1568,2000,2041,1654,1254,836,554,352,239,110,79,47,22,11,13,2,3,7
141,817,1614,2063,1987,1643,1248,853,548,371,207,129,75,45,29,11,8,4,2,5
148,787,1631,2093,1961,1628,1266,830,579,354,197,127,87,58,31,14,3,2,2,2
153,793,1605,2065,1972,1684,1248,839,559,347,228,124,84,44,24,14,7,4,4,2
132,869,1647,2007,1938,1622,1238,884,587,325,242,137,66,46,30,18,6,2,1,3
138,805,1619,2023,2010,1637,1321,854,523,373,222,119,65,33,22,12,10,7,5,2
147,832,1637,2004,1955,1624,1292,874,561,366,215,123,76,44,19,13,9,4,4,1
137,801,1583,2093,1996,1648,1269,837,568,344,226,130,71,52,19,14,5,2,1,4
149,822,1600,2091,2003,1603,1187,898,587,311,238,126,71,49,30,13,8,8,5,1
130,835,1602,2010,1994,1690,1238,870,585,318,236,125,76,42,21,11,9,5,2,1
149,813,1622,2064,1957,1671,1231,848,552,368,207,116,96,52,17,19,8,3,3,4
131,803,1663,2021,2015,1646,1259,847,503,384,204,143,77,45,28,17,4,3,0,7
143,835,1632,2020,1988,1604,1221,895,577,347,226,154,64,39,28,13,7,5,0,2
141,829,1632,2007,2018,1670,1214,822,593,352,196,121,82,46,38,15,11,9,3,1
150,861,1612,1965,2009,1690,1212,875,570,344,205,128,73,33,25,17,13,8,4,6
144,827,1663,1977,1937,1621,1296,868,598,360,226,129,63,42,24,11,6,4,2,2
156,865,1553,1957,2038,1680,1252,853,578,354,220,128,68,46,27,11,4,4,2,4
162,829,1581,2023,1950,1681,1237,889,588,359,214,125,77,42,20,10,5,3,4,1
135,831,1630,2002,2026,1679,1242,845,525,349,226,119,86,43,26,16,11,1,3,5
133,846,1624,1971,2047,1640,1222,858,586,335,254,122,71,42,23,9,6,4,2,5
124,791,1663,1965,2040,1669,1276,818,625,336,214,125,62,43,16,12,7,5,2,7
151,836,1613,2020,2017,1606,1249,854,551,370,223,125,80,42,30,14,5,6,5,3
137,843,1629,2074,1977,1573,1300,819,546,358,208,147,83,44,24,16,9,6,3,4
128,851,1593,2028,2026,1639,1226,864,553,360,214,134,88,40,26,18,6,4,1,1
119,834,1607,2009,2033,1688,1228,833,590,333,217,141,80,44,18,11,5,4,5,1
152,802,1603,2045,2007,1665,1255,841,563,346,219,116,81,48,25,18,6,3,1,4
159,867,1635,1903,2000,1660,1269,883,530,367,214,123,80,49,31,16,5,5,2,2
147,836,1617,2026,1993,1664,1216,838,565,349,223,138,69,54,21,22,12,6,2,2
132,818,1673,2027,1942,1635,1280,853,562,349,219,126,78,46,27,10,13,6,3,1
128,804,1682,1954,2030,1679,1219,866,562,352,204,148,75,39,32,10,10,2,2,2
151,803,1611,1995,2017,1677,1274,853,582,320,208,140,77,45,23,9,5,2,2,6
125,846,1576,2115,2018,1610,1215,851,551,353,213,151,80,43,23,14,5,6,3,2
151,807,1614,2065,1972,1628,1264,843,567,374,227,118,63,52,25,19,5,3,1,2
153,830,1601,1996,1982,1617,1305,853,617,349,209,125,80,36,19,17,3,4,3,1
132,809,1621,2004,2010,1633,1313,872,551,360,216,124,65,39,21,10,9,6,3,2
124,834,1574,2072,2004,1639,1257,878,561,337,227,129,64,46,23,12,9,5,3,2
125,834,1609,2030,2071,1620,1205,857,578,344,214,133,88,35,22,17,8,4,3,3
125,821,1680,2008,1963,1682,1203,896,526,373,209,135,77,41,35,15,4,3,2,2
144,826,1643,2079,1936,1621,1215,853,590,362,223,120,87,45,22,18,8,4,0,4
124,844,1616,1953,2004,1661,1326,865,539,388,203,119,65,44,24,11,6,3,1,4
141,805,1552,2050,2035,1683,1220,896,561,371,198,135,71,43,16,11,7,2,0,3
130,825,1634,1998,1947,1755,1237,827,600,325,205,145,76,45,22,11,9,3,4,2
137,797,1687,1955,2034,1685,1159,865,620,341,212,143,70,46,23,13,6,2,5,0
142,823,1579,2099,1954,1636,1287,866,568,328,203,122,80,47,31,16,6,7,3,3
130,816,1665,2048,1973,1616,1249,864,549,360,229,126,73,44,33,14,6,3,1,1
134,794,1678,2043,1978,1678,1184,839,578,372,214,122,76,58,24,14,9,3,1,1
126,790,1584,2138,1991,1580,1293,855,587,363,198,126,75,54,21,10,3,5,1,0
148,804,1623,2008,2044,1659,1267,810,550,350,216,146,76,37,34,13,7,5,1,2
129,808,1611,2003,2065,1664,1235,871,542,357,212,129,83,41,21,17,5,0,5,2
138,821,1625,2018,1979,1720,1167,870,574,372,208,142,93,33,18,10,6,2,1,3
138,849,1551,2067,1976,1658,1223,898,577,350,220,135,63,40,27,16,5,3,1,3
125,813,1678,1971,2027,1648,1274,832,549,367,198,140,62,59,27,14,8,5,1,2
143,822,1658,2006,2001,1615,1198,887,597,357,217,131,76,37,24,17,4,4,5,1
147,818,1591,2041,1989,1632,1236,929,589,339,204,114,68,44,28,10,8,6,3,4
132,848,1621,2039,1992,1605,1246,870,577,353,220,129,71,40,21,13,3,7,4,9
157,825,1622,2001,1932,1740,1210,847,573,370,237,130,69,33,20,17,8,6,2,1
143,838,1675,1972,1983,1641,1221,848,577,366,219,125,87,54,25,10,6,8,1,1
152,815,1650,1986,1967,1705,1234,829,585,335,240,127,72,35,30,21,5,7,3,2
149,756,1652,2036,1986,1718,1236,827,574,357,231,105,87,34,21,12,11,3,2,3
140,807,1646,2006,2048,1619,1270,841,552,340,221,114,78,48,27,15,8,10,4,6
137,794,1661,1960,2062,1638,1226,883,580,360,215,116,92,32,18,13,4,2,3,4
129,858,1596,2028,1962,1710,1216,859,571,375,183,140,78,35,32,15,4,5,1,3
153,798,1636,2017,1951,1674,1290,874,549,331,236,128,68,39,27,13,8,2,1,5
143,829,1654,1991,2021,1595,1258,868,561,339,231,135,74,48,17,19,8,3,1,5
136,859,1654,1981,1955,1663,1219,870,575,355,203,144,79,53,21,12,11,5,2,3
132,799,1639,2045,1986,1676,1234,847,568,364,220,132,57,46,28,14,9,1,1,2
150,808,1652,2065,1967,1555,1220,888,604,361,237,125,76,41,23,13,7,4,2,2
140,816,1656,1989,1983,1632,1219,935,557,382,213,123,71,36,20,15,4,5,4,0
141,798,1599,2063,2044,1594,1242,901,556,336,215,140,73,46,22,18,4,6,1,1
129,833,1676,1988,2006,1641,1220,856,564,342,209,153,74,50,33,9,3,1,5,8
159,844,1577,2029,2027,1621,1223,824,600,372,205,130,90,45,26,13,9,3,0,3
163,829,1636,2031,1958,1643,1219,833,567,382,218,137,79,40,32,19,4,6,3,1
113,811,1589,2029,2050,1685,1252,850,566,355,207,147,55,45,21,8,8,3,3,3
158,775,1666,1986,2067,1597,1229,846,581,375,216,136,74,51,18,9,8,2,3,3
147,799,1627,2004,2035,1652,1271,831,589,327,207,130,72,49,25,18,7,7,1,2
138,826,1595,2061,1942,1677,1311,825,559,338,207,139,71,55,17,25,5,4,2,3
128,792,1660,2086,1989,1655,1221,830,521,396,210,130,75,41,31,11,11,4,3,6
153,796,1601,2012,2019,1688,1241,869,573,319,221,150,69,39,28,10,2,3,3,4
144,840,1620,2032,2017,1637,1193,860,550,365,223,136,78,47,26,13,4,6,2,7
132,884,1668,1949,1951,1648,1245,834,592,361,229,130,87,36,34,11,3,2,2,2
125,788,1613,2029,2015,1705,1252,866,570,346,193,131,64,46,29,15,7,4,0,2
153,784,1625,2071,1931,1673,1254,865,553,359,250,121,68,55,19,10,1,4,1,3
150,823,1614,2048,1982,1619,1250,843,574,382,217,129,71,56,17,13,7,4,0,1
129,830,1609,1993,2076,1623,1238,877,556,345,217,125,83,52,21,13,7,5,1,0
122,801,1661,2016,2027,1621,1261,856,574,360,196,123,83,38,24,17,10,4,3,3
137,831,1625,2057,1960,1628,1233,890,539,381,207,136,87,41,26,12,3,1,1,5
147,815,1638,2016,1958,1678,1275,808,563,358,247,130,86,32,27,14,3,2,3,0
144,816,1610,2042,2006,1636,1244,857,575,322,224,137,75,61,25,16,5,3,0,2
132,820,1578,2084,1944,1655,1293,894,542,390,199,110,62,42,20,12,13,6,1,3
166,845,1619,1982,1997,1626,1240,879,569,332,203,153,91,42,23,18,8,4,0,3
146,789,1588,2093,1932,1750,1221,884,570,330,211,114,69,38,29,13,11,3,2,7
147,790,1602,2085,1936,1660,1300,856,588,324,222,119,76,45,16,14,10,2,5,3
134,847,1652,2005,1913,1683,1276,840,607,330,203,143,71,43,16,17,10,5,3,2
135,838,1556,2149,1969,1619,1238,877,492,386,224,137,72,53,26,9,9,6,1,4
134,821,1676,1973,1976,1647,1228,885,585,365,205,139,72,42,21,18,7,4,1,1
137,809,1644,1973,2025,1721,1229,818,562,379,199,128,67,42,30,20,11,2,1,3
125,847,1589,2054,2011,1620,1270,833,563,358,219,132,86,36,29,7,12,3,2,4
134,818,1586,2032,2045,1719,1204,818,574,363,197,106,96,46,30,15,4,8,2,3
147,826,1572,2015,2031,1704,1222,817,577,389,198,138,59,42,36,12,7,5,3,0
139,827,1640,2006,1998,1659,1196,870,573,377,211,125,78,50,24,14,7,3,3,0
138,832,1579,2062,1982,1625,1300,863,563,341,215,117,81,45,29,13,7,6,0,2
149,818,1638,2000,1971,1658,1233,887,576,358,220,125,74,37,27,13,5,6,2,3
134,834,1651,2062,1942,1656,1197,868,548,363,226,136,67,55,27,15,7,6,2,4
147,825,1603,2059,1926,1705,1283,841,529,365,207,132,73,40,22,16,14,3,5,5
149,846,1633,2006,2027,1567,1244,875,579,328,224,144,69,47,21,13,13,7,2,6
135,821,1612,2029,2009,1634,1260,904,548,339,206,124,82,33,33,16,5,7,2,1
139,794,1621,2082,2004,1641,1196,882,560,355,214,139,73,46,25,11,11,4,1,2
147,825,1624,2060,1981,1593,1273,859,535,362,228,133,85,43,23,11,9,4,1,4
147,802,1639,2037,2002,1635,1213,887,570,344,218,134,69,42,30,13,6,2,4,6
142,800,1607,2100,1990,1651,1200,877,536,365,215,145,76,42,20,15,7,6,2,4
133,818,1560,2055,2021,1697,1251,846,547,341,234,123,77,53,21,12,5,3,2,1
133,794,1645,2024,1965,1678,1284,847,545,377,217,129,79,44,18,8,3,3,3,4
119,798,1589,2090,2094,1605,1206,871,542,381,209,140,66,40,23,9,8,5,1,4
155,864,1599,2016,2001,1625,1256,825,540,374,220,130,90,40,20,16,16,8,2,3
144,811,1627,2068,1940,1647,1243,868,567,371,236,118,62,32,29,17,8,7,1,4
136,867,1588,2075,2002,1554,1228,883,567,354,237,129,78,41,27,14,13,4,0,3
142,827,1600,2071,1988,1639,1250,821,563,335,233,132,92,56,22,14,7,4,2,2
129,851,1636,1981,1964,1678,1286,860,542,349,211,129,77,45,32,8,10,5,5,2
158,799,1599,2046,1946,1705,1233,900,552,331,233,137,68,46,25,12,4,2,3,1
143,822,1598,2033,1997,1629,1256,868,612,351,191,112,86,54,22,11,7,3,3,2
136,799,1556,2071,2043,1656,1257,848,569,363,207,137,71,34,26,12,9,1,2,3
118,827,1596,2027,2012,1710,1248,851,561,365,202,121,62,41,25,16,10,3,1,4
137,837,1628,1978,2040,1643,1246,845,566,351,228,122,78,53,27,7,8,1,0,5
143,800,1615,2079,1981,1615,1241,845,597,373,238,122,70,31,18,15,5,4,3,5
138,794,1592,2055,2054,1725,1165,808,566,379,223,119,86,45,25,11,7,4,3,1
121,827,1649,1996,2104,1589,1195,852,589,340,238,120,76,49,26,12,7,5,1,4
140,829,1622,1978,2019,1655,1263,842,574,370,210,129,82,40,14,15,3,3,7,5
153,760,1627,2025,2046,1685,1232,826,580,357,212,123,67,55,19,17,8,3,1,4
149,839,1628,2022,1974,1627,1249,858,544,366,229,139,82,47,27,10,6,1,2,1
139,792,1672,1995,1944,1703,1265,859,585,347,225,111,65,44,21,13,9,7,3,1
134,808,1657,1969,1999,1656,1299,876,538,324,238,140,70,41,25,16,4,5,0,1
137,846,1646,2023,1969,1634,1216,846,564,382,221,138,78,47,26,14,7,2,3,1
150,840,1606,1962,2005,1705,1235,854,563,355,221,149,64,45,22,11,8,4,0,1
143,832,1587,2111,1974,1633,1233,837,544,378,209,138,73,55,24,12,7,6,2,2
122,793,1691,1958,2001,1728,1234,844,566,340,230,115,85,39,23,15,9,3,1,3
163,786,1615,2103,1948,1659,1197,843,597,364,228,138,63,33,25,19,9,5,2,3
138,924,1590,1974,1930,1670,1265,854,576,360,214,126,68,50,26,10,11,6,4,4
155,832,1587,2063,1917,1698,1251,827,560,376,251,121,63,52,14,18,2,6,5,2
132,808,1608,2017,2042,1675,1248,824,597,345,200,137,78,38,23,11,4,11,2,0
125,788,1624,2102,1927,1656,1267,909,551,348,211,133,63,41,21,12,11,7,2,2
155,814,1626,2013,2011,1670,1224,838,565,347,218,123,89,47,32,15,4,3,5,1
147,824,1610,2054,1971,1625,1241,888,554,359,205,152,71,51,24,14,4,0,3,3
112,855,1626,2029,1977,1678,1215,858,556,383,221,123,74,33,24,18,9,5,0,4
139,791,1640,2032,1990,1635,1319,801,564,377,209,133,71,47,26,13,8,2,0,3
143,808,1619,2014,1970,1699,1184,921,596,343,225,127,67,37,22,12,4,1,5,3
144,858,1559,2038,1990,1707,1254,795,563,353,211,144,77,49,24,22,5,2,1,4
156,821,1563,2050,2016,1655,1241,822,597,368,202,137,82,40,21,19,7,1,1,1
134,853,1579,1986,1980,1736,1266,879,520,341,224,133,71,39,30,15,6,2,4,2
143,767,1632,2062,2016,1617,1244,873,573,369,227,118,80,35,17,16,8,1,1,1
130,858,1668,2035,1949,1579,1251,851,580,355,214,143,76,55,25,15,6,6,1,3
137,819,1597,2068,1996,1670,1208,869,549,355,231,139,64,45,26,11,7,5,2,2
132,817,1607,1999,1980,1716,1278,859,554,358,217,121,69,47,19,9,8,7,3,0
131,800,1614,2033,2028,1644,1225,900,546,375,221,132,66,43,23,8,6,2,1,2
143,856,1578,1988,2052,1670,1190,861,576,370,214,126,80,45,31,9,5,1,2,3
138,855,1606,2008,1961,1674,1242,895,565,349,207,127,78,39,17,16,9,5,6,3
147,873,1576,1995,2066,1603,1254,836,563,348,221,133,77,32,33,19,14,3,4,3
148,822,1581,1997,2058,1677,1222,850,586,346,213,120,80,51,22,9,8,8,2,0
141,830,1623,1990,2018,1623,1266,865,589,338,202,134,89,44,19,14,5,2,4,4
139,826,1630,2058,1994,1617,1253,827,549,373,217,144,74,43,24,12,10,4,5,1
137,834,1683,2033,1989,1626,1164,853,552,381,213,139,88,41,29,17,10,7,1,3
127,794,1681,2031,1968,1638,1273,829,564,365,246,131,61,41,25,9,7,4,5,1
131,809,1632,2016,2005,1656,1279,881,523,341,230,118,67,52,31,18,6,0,3,2
147,821,1638,2008,1988,1694,1230,831,519,381,228,124,70,55,30,15,10,3,6,2
136,833,1603,2076,1955,1621,1243,887,567,340,223,160,73,39,21,13,3,3,3,1
128,807,1612,2105,1967,1646,1250,816,591,352,237,120,75,35,28,18,7,3,2,1
153,803,1643,1962,1937,1782,1249,850,584,333,217,122,59,47,23,12,9,9,3,3
132,800,1537,2061,2062,1665,1283,861,564,370,191,115,70,31,27,11,9,3,5,3
146,829,1590,2050,1953,1659,1230,909,578,367,201,115,81,38,23,14,8,7,1,1
158,782,1622,2042,1989,1678,1235,896,543,331,214,129,67,51,28,14,6,7,1,7
142,788,1635,2119,1931,1685,1218,788,608,352,222,131,81,38,32,18,7,3,2,0
146,830,1605,2044,1984,1704,1129,879,571,403,201,138,64,47,20,13,14,2,3,3
147,872,1667,1944,1962,1624,1221,887,573,369,210,139,79,46,30,12,10,3,4,1
122,834,1705,1975,1912,1661,1243,881,597,351,211,136,87,48,16,9,5,3,3,1
126,849,1615,2014,2052,1608,1244,797,612,366,211,129,93,35,22,12,9,3,3,0
139,854,1568,1997,2017,1693,1235,848,575,341,242,122,79,42,21,17,4,2,1,3
125,846,1609,2090,1970,1604,1221,888,578,346,210,130,73,39,34,18,12,1,3,3
128,825,1625,2024,2010,1634,1217,889,587,347,222,140,55,46,26,11,5,2,4,3
127,820,1562,2052,2017,1687,1284,814,575,370,214,121,56,52,24,8,9,4,2,2
130,849,1657,1976,1931,1678,1289,881,550,343,220,131,68,37,27,11,10,2,3,7
142,837,1630,1945,2022,1665,1286,820,564,364,214,140,71,48,29,11,5,6,0,1
145,854,1619,1929,2005,1723,1253,809,601,339,227,119,86,34,34,9,5,4,2,3
139,828,1653,2025,2007,1588,1238,870,570,349,209,144,76,50,26,15,6,4,2,1
118,838,1576,2065,1990,1707,1232,827,578,367,190,119,83,56,21,15,6,8,4,0
151,835,1620,1938,2036,1645,1237,878,593,368,217,124,71,39,27,10,2,5,0,4
130,820,1662,2001,1977,1687,1219,852,566,353,235,120,77,45,28,15,6,5,1,1
140,795,1674,2020,1979,1616,1217,903,599,349,208,134,67,50,24,11,4,5,2,3
143,812,1614,2038,2014,1644,1231,836,554,386,212,147,74,52,18,16,6,1,0,2
145,839,1658,2005,1936,1621,1236,872,596,354,240,134,77,45,19,10,7,1,4,1
131,851,1579,2017,1976,1693,1239,900,584,350,180,126,74,41,24,12,12,7,2,2
142,827,1569,2046,1997,1650,1248,873,594,356,237,124,60,37,18,5,8,8,0,1
119,776,1679,2039,2003,1679,1235,846,556,367,186,127,77,52,29,15,7,4,3,1
133,848,1604,2067,1957,1615,1232,882,576,369,224,129,71,39,20,9,11,6,3,5
147,843,1675,1954,1982,1658,1246,852,523,375,222,136,83,43,28,18,5,6,3,1
166,838,1621,1971,1980,1663,1246,849,580,368,193,127,92,47,29,16,6,4,0,4
134,795,1598,2046,2058,1671,1243,846,536,348,228,124,74,45,19,7,19,5,3,1
148,827,1569,2021,2008,1658,1261,871,575,348,216,124,68,53,30,12,6,4,0,1
122,783,1612,2038,2033,1714,1184,929,547,358,200,129,66,34,23,15,7,1,1,4
139,812,1646,1983,2013,1681,1231,842,585,359,214,136,76,33,19,17,6,3,2,3
130,800,1634,2048,1978,1694,1190,905,580,317,228,128,68,43,27,12,12,3,0,3
146,811,1642,2043,1937,1605,1303,830,588,384,214,137,77,35,26,10,7,3,1,1
137,801,1663,2009,2016,1629,1257,842,591,326,213,130,85,44,26,14,8,4,2,3
144,810,1657,2023,1968,1644,1263,886,546,309,206,162,89,33,26,13,14,3,0,4
154,864,1626,1984,1969,1583,1256,885,586,372,224,138,78,41,16,9,10,1,2,2
156,845,1638,1944,1959,1649,1308,872,570,324,243,115,79,45,25,9,8,6,2,3
132,811,1618,2055,1922,1654,1269,915,576,379,205,122,79,32,12,6,4,5,1,3
146,840,1588,2041,1985,1650,1248,844,562,387,207,135,70,52,17,11,8,5,2,2
127,829,1655,1997,1963,1670,1199,916,535,400,207,133,82,43,23,8,8,3,2,0
136,839,1694,1978,2002,1610,1252,818,554,374,217,128,88,53,24,13,7,8,5,0
140,837,1597,2052,1997,1673,1245,819,553,354,196,142,74,52,32,17,7,6,3,4
121,822,1611,2050,2031,1608,1242,841,586,372,220,135,78,36,26,8,3,5,3,2
138,803,1640,2044,1965,1687,1216,882,541,338,235,138,78,41,23,11,13,3,0,4
146,803,1612,2026,1949,1678,1292,902,541,369,192,114,83,44,23,10,5,4,3,4
140,822,1610,2040,1977,1601,1266,914,557,362,225,127,63,48,23,14,5,4,1,1
162,849,1618,1934,2095,1591,1227,862,549,356,230,151,79,46,21,14,6,5,3,2
129,849,1610,2023,1928,1716,1242,862,581,342,211,142,73,40,22,8,12,5,3,2
147,816,1620,2055,1990,1611,1240,860,590,350,196,137,73,51,31,17,7,6,1,2
148,780,1658,1967,2044,1673,1242,851,586,362,195,135,64,48,23,11,7,0,1,5
168,821,1583,1990,1983,1622,1330,837,607,363,229,121,65,31,26,7,8,7,0,2
140,820,1657,2050,1936,1596,1279,908,526,354,226,131,76,49,24,13,9,5,1,0
164,838,1671,2013,1951,1577,1231,884,568,345,249,122,75,40,35,21,8,4,3,1
128,851,1658,2022,1980,1597,1236,837,589,382,205,123,80,57,19,11,16,4,4,1
143,798,1634,2081,2020,1579,1216,875,596,336,206,137,75,36,28,19,8,8,1,4
136,779,1660,2092,1936,1661,1251,829,557,378,216,118,84,51,21,12,11,3,1,4
139,822,1693,1965,2012,1643,1247,820,555,371,197,140,78,49,24,21,10,8,3,3
142,799,1568,2192,1982,1588,1231,843,557,375,213,120,75,54,23,21,8,7,2,0
148,783,1655,1988,2021,1614,1338,839,562,356,204,132,65,40,22,16,8,6,1,2
138,795,1624,1996,2068,1630,1245,879,580,364,184,133,70,38,22,19,9,2,2,2
139,797,1612,2060,1962,1636,1304,896,531,360,209,125,84,38,26,5,4,4,2,6
137,844,1580,2054,2023,1628,1227,837,588,368,205,124,84,42,25,19,4,4,4,3
146,798,1662,2003,2032,1587,1274,876,558,339,224,117,77,54,24,19,4,0,3,3
141,881,1609,1988,1968,1652,1266,837,555,352,224,146,76,46,28,10,12,3,3,3
162,776,1617,2027,2060,1631,1186,904,581,355,207,132,69,44,22,6,10,6,2,3
142,815,1640,1968,2023,1690,1204,855,559,365,234,151,81,40,12,10,1,3,4,3
142,864,1566,2039,1972,1699,1209,866,561,349,239,104,85,47,26,17,8,4,1,2
127,838,1666,1985,1921,1650,1313,878,577,346,196,139,72,37,24,11,10,6,2,2
134,766,1594,2059,2062,1671,1227,872,546,373,206,140,72,38,17,7,7,4,4,1
149,817,1546,2032,2075,1676,1234,857,554,345,204,155,62,37,21,17,9,5,1,4
137,819,1680,2022,1873,1685,1280,876,568,328,233,139,59,38,26,18,10,2,3,4
134,770,1686,2096,1947,1625,1208,891,567,350,223,119,74,41,29,16,12,4,2,6
124,824,1683,2050,1938,1654,1219,869,526,367,222,141,77,40,29,19,8,4,3,3
141,813,1637,2009,2035,1671,1184,857,576,340,222,125,80,46,26,18,9,6,4,1
129,828,1627,2017,1985,1699,1238,864,528,362,218,137,72,42,20,11,8,5,2,8
137,800,1629,2064,2020,1610,1204,896,565,354,214,120,70,50,35,20,6,3,1,2
168,818,1670,1933,2074,1614,1184,848,608,355,198,142,84,42,23,19,12,1,4,3
164,837,1563,2052,1962,1676,1245,842,564,369,216,134,87,42,24,8,9,3,1,2
156,836,1583,2070,1947,1614,1234,911,582,356,213,145,65,40,18,13,8,5,3,1
128,836,1598,2050,1986,1635,1284,823,601,344,225,119,66,48,28,10,12,3,3,1
154,811,1553,2062,2039,1647,1220,836,596,376,222,121,78,44,17,9,8,3,2,2
147,853,1620,1903,2040,1697,1236,868,538,384,214,128,78,48,23,12,6,3,1,1
136,774,1717,1993,1964,1688,1203,875,567,377,221,133,63,41,15,12,12,4,2,3
148,797,1640,2063,1984,1659,1209,839,610,311,219,138,87,43,16,20,7,4,3,3
143,858,1552,2031,1975,1718,1246,871,547,332,218,123,83,53,9,18,10,6,2,5
151,831,1587,1962,2021,1681,1259,926,548,334,200,133,69,44,22,11,9,7,3,2
146,799,1579,2058,2030,1623,1276,902,554,331,201,126,72,47,23,19,11,1,0,2
144,795,1635,2015,1960,1712,1256,875,557,339,222,121,76,43,25,10,9,2,1,3
129,800,1658,1973,2025,1666,1257,860,567,363,222,121,73,37,19,16,6,6,1,1
125,859,1661,2025,1892,1645,1242,897,589,349,209,122,85,35,36,15,9,3,1,1
143,837,1665,2018,1973,1601,1199,881,606,362,209,133,64,51,21,18,12,3,1,3
150,856,1611,2011,1977,1618,1232,905,569,321,246,123,77,40,32,16,6,5,1,4
142,830,1621,2029,1928,1663,1307,853,562,341,241,131,66,42,16,11,7,1,4,5
137,849,1603,2040,1974,1632,1234,891,581,335,221,122,83,34,28,14,13,4,0,5
150,798,1612,2043,1974,1737,1179,854,560,369,235,115,77,48,24,9,11,2,2,1
134,857,1605,2004,1943,1676,1236,895,580,379,234,107,66,39,23,6,7,7,1,1
138,835,1644,1970,1984,1626,1291,893,533,363,230,129,71,41,19,20,6,4,2,1
143,839,1606,1976,2017,1656,1218,895,554,365,231,145,72,37,23,10,6,2,1,4
132,819,1650,2029,1997,1636,1186,862,620,378,201,119,70,40,28,14,4,9,3,3
143,858,1604,1988,1966,1668,1271,871,568,343,211,143,64,44,26,19,6,1,4,2
147,846,1644,1991,1976,1626,1233,872,562,380,205,150,73,50,18,9,10,6,0,2
117,838,1631,1986,2017,1718,1192,861,614,313,202,125,87,48,23,13,8,5,1,1
146,837,1614,2046,1946,1638,1224,892,583,352,206,146,75,43,17,15,8,8,2,2
132,830,1548,2008,2025,1714,1270,862,568,337,230,131,72,28,20,10,6,4,3,2
153,825,1634,1998,2029,1639,1219,854,569,335,220,129,89,50,26,14,3,8,2,4
142,758,1664,2098,1979,1614,1229,894,518,374,222,140,79,35,23,18,8,2,0,3
129,818,1644,1994,2048,1613,1252,868,573,341,206,137,79,45,23,10,8,6,4,2
147,794,1571,2122,2016,1598,1287,831,558,365,200,134,68,49,30,7,11,7,5,0
146,827,1554,2160,2007,1605,1199,833,553,385,213,132,79,49,29,12,6,5,3,3
155,810,1618,2010,1967,1657,1309,860,548,372,202,120,85,29,23,19,5,5,1,5
127,814,1652,2029,2001,1639,1214,896,545,384,211,117,91,30,20,13,7,3,3,4
124,849,1643,2027,1978,1654,1211,814,584,392,226,130,70,49,26,10,6,4,2,1
151,855,1573,2027,2011,1658,1183,892,560,381,209,129,64,50,24,12,7,8,3,3
156,812,1676,1991,1954,1678,1176,863,585,380,236,132,71,40,28,11,4,5,1,1
130,839,1606,2020,1948,1747,1225,875,552,342,219,124,77,43,24,11,7,6,3,2
133,830,1632,1986,2050,1665,1219,851,564,354,190,126,84,51,29,15,11,5,2,3
144,809,1627,1967,2026,1633,1289,878,571,346,222,140,71,33,22,8,7,2,4,1
160,834,1570,2074,1999,1598,1213,884,583,368,222,113,83,52,17,11,9,3,4,3
115,787,1662,2063,2046,1648,1191,826,537,387,216,140,83,46,21,14,9,4,0,5
151,820,1649,2009,1974,1639,1197,919,527,389,223,126,76,43,35,12,6,2,1,2
163,806,1629,2025,1991,1647,1238,869,546,347,215,141,85,38,19,20,7,4,5,5
126,820,1637,1986,2037,1646,1246,829,602,373,201,116,88,47,21,9,12,1,2,1
164,786,1638,2055,1974,1688,1189,857,558,360,208,143,76,36,33,16,8,5,1,5
137,806,1620,2089,2003,1626,1225,834,543,388,217,132,85,42,23,12,12,3,1,2
154,852,1593,1998,2040,1568,1295,841,568,368,215,144,64,44,25,16,4,5,3,3
157,819,1603,2026,2043,1581,1258,836,588,363,244,118,69,47,20,12,4,4,5,3
110,801,1576,2061,2076,1658,1238,889,515,368,223,125,77,40,14,14,9,4,1,1
134,836,1682,1974,2010,1602,1222,893,529,379,230,141,86,28,26,13,6,3,2,4
138,866,1590,2034,2006,1629,1225,885,505,383,224,136,82,45,21,9,8,5,4,5
148,867,1616,1948,2038,1627,1221,868,572,348,240,120,76,47,27,18,12,5,0,2
145,817,1602,2076,2030,1589,1242,909,535,322,218,124,80,35,39,13,14,3,3,4
165,829,1534,2088,1966,1696,1239,880,540,347,215,122,69,48,22,20,12,3,4,1
153,831,1607,2059,1955,1647,1233,848,572,327,253,152,80,32,21,15,8,2,1,4
146,825,1628,2008,1956,1668,1252,885,585,320,215,128,91,49,20,14,5,2,1,2
146,840,1624,2009,1977,1687,1196,877,552,360,224,135,79,47,22,8,9,3,1,4
131,755,1625,2084,2051,1658,1233,839,542,364,214,133,68,48,28,10,12,4,0,1
121,833,1592,2117,2006,1641,1182,886,544,317,223,130,97,44,30,18,11,6,1,1
147,856,1611,2027,1926,1675,1242,885,556,362,201,117,86,55,23,15,6,3,1,6
132,833,1645,2050,1958,1682,1188,829,596,343,219,155,70,35,24,14,11,10,3,3
132,851,1628,2045,2006,1620,1193,846,565,350,246,132,80,47,30,13,7,6,3,0
155,854,1533,1998,2023,1709,1265,859,556,325,228,112,78,37,34,14,11,4,3,2
167,750,1628,2035,2012,1657,1256,867,560,358,224,119,89,31,22,10,4,6,2,3
132,810,1599,2051,2009,1650,1293,856,553,339,208,127,62,49,24,17,9,5,3,4
125,848,1680,2059,1951,1544,1253,860,588,355,220,127,83,43,25,26,5,3,2,3
139,847,1630,2022,1999,1635,1169,845,614,351,231,155,79,35,22,9,7,5,4,2
129,872,1616,1947,2071,1640,1233,867,515,365,222,124,95,49,23,16,9,4,1,2
117,767,1714,2080,1997,1573,1227,871,556,374,226,109,83,48,30,17,7,3,0,1
144,790,1594,2050,1987,1673,1311,883,531,336,209,130,56,43,26,17,9,3,2,6
126,833,1597,2044,2033,1636,1227,864,550,370,211,140,66,52,24,12,8,3,2,2
137,808,1620,2024,2002,1640,1250,864,584,375,215,133,63,38,25,7,6,5,0,4
130,799,1619,2100,1992,1625,1246,834,580,338,207,147,76,41,24,18,14,4,4,2
122,816,1604,2030,2023,1651,1254,880,560,347,227,124,70,37,21,18,9,2,3,2
159,847,1634,1972,2012,1654,1191,872,570,352,216,134,95,39,22,14,10,2,1,4
128,830,1583,2053,1995,1695,1247,865,549,336,213,131,79,36,30,13,7,6,2,2
150,856,1600,2029,1941,1644,1265,822,592,369,228,145,70,46,17,13,8,4,0,1
126,836,1625,2023,1983,1667,1238,843,538,366,248,153,74,45,12,9,8,6,0,0
132,775,1652,2022,2038,1617,1260,857,612,345,198,126,77,39,24,13,7,2,3,1
132,835,1595,1997,2031,1624,1295,885,554,354,208,122,85,40,19,10,6,3,0,5
120,813,1613,2037,1991,1688,1300,812,582,367,196,109,66,48,30,11,9,5,1,2
116,821,1583,2029,2032,1644,1296,860,585,342,206,121,82,37,26,10,5,2,2,1
141,788,1627,2035,1991,1699,1249,884,531,351,208,123,70,43,30,13,7,3,1,6
147,819,1615,1983,1966,1638,1301,933,559,370,203,121,53,40,23,6,9,5,4,5
147,810,1610,2039,2007,1610,1240,883,573,376,214,134,70,43,21,13,3,4,1,2
158,794,1606,2070,1988,1620,1294,826,559,345,244,136,65,37,29,10,7,5,1,6
130,831,1602,2009,2027,1681,1241,835,596,346,202,126,62,49,31,18,4,4,3,3
130,838,1692,1986,2037,1592,1184,875,548,359,236,135,96,40,18,14,8,4,5,3
158,873,1614,1965,1976,1672,1195,892,575,330,227,131,97,50,26,11,4,1,0,3
123,876,1619,2060,1884,1609,1301,860,578,378,224,126,72,44,17,10,9,4,1,5
140,799,1600,1990,2099,1659,1261,852,557,339,197,129,75,41,26,14,8,7,5,2
124,791,1638,2102,1925,1660,1249,884,567,362,206,134,76,29,26,10,10,5,2,0
142,823,1570,2044,2092,1618,1200,848,609,341,207,138,65,48,21,16,7,7,1,3
131,796,1665,2051,1940,1656,1281,862,552,333,240,118,68,39,28,15,14,5,3,3
141,870,1649,1983,1934,1662,1253,862,549,387,191,134,71,46,30,17,11,8,1,1
135,836,1572,2050,2035,1681,1161,884,589,339,210,117,96,38,27,15,4,3,2,6
119,825,1571,2053,2007,1689,1293,823,565,346,193,142,71,51,29,15,5,0,0,3
134,841,1600,2005,2020,1627,1292,872,532,361,211,118,87,41,29,13,4,3,5,5
133,786,1617,2037,2053,1656,1220,867,578,342,221,115,78,46,23,13,4,7,2,2
153,812,1689,1968,1945,1671,1284,839,573,358,215,120,71,47,24,15,5,4,2,5
129,836,1621,1998,2034,1670,1222,815,572,387,213,140,68,37,26,10,13,4,3,2
145,844,1630,1962,2026,1646,1256,832,588,363,211,114,73,48,25,18,15,1,1,2
145,809,1623,2051,1969,1664,1223,859,575,355,231,131,80,33,24,10,8,3,4,3
154,834,1593,2053,2003,1568,1269,915,535,348,221,121,81,49,23,9,9,8,3,4
127,825,1666,2009,1979,1601,1257,886,564,366,230,126,71,43,24,13,6,4,2,1
144,795,1648,2014,1999,1714,1220,834,559,356,196,132,80,49,25,17,9,6,1,2
130,852,1638,1945,2007,1620,1326,859,556,359,214,122,84,50,12,17,3,4,0,2
149,824,1611,2020,1981,1661,1290,856,570,315,218,115,82,41,36,14,8,5,4,0
144,867,1630,1972,1960,1589,1290,905,561,357,211,138,80,41,28,16,8,3,0,0
147,818,1630,2000,1987,1657,1240,900,552,351,235,118,68,42,23,11,8,6,2,5
120,852,1538,2045,2040,1679,1258,847,567,344,218,111,77,47,37,8,2,5,2,3
146,822,1695,2026,1924,1620,1234,886,560,344,219,146,87,39,22,9,9,7,3,2
132,817,1623,2085,1948,1646,1291,819,539,367,223,144,78,41,20,11,7,3,5,1
149,888,1619,1916,1972,1671,1269,884,568,341,227,123,70,44,24,18,8,3,4,2
157,804,1610,2004,2036,1650,1222,867,593,331,214,130,80,45,34,10,4,6,1,2
112,821,1641,2063,1967,1657,1267,844,577,340,192,134,84,45,29,10,9,3,2,3
152,830,1625,2012,1949,1681,1240,898,536,351,222,114,73,59,27,11,11,7,1,1
133,765,1666,1977,2052,1683,1251,860,567,338,234,119,63,45,17,16,6,3,3,2
131,809,1598,2052,2010,1672,1230,846,560,357,240,135,73,45,18,9,9,2,2,2
153,824,1625,1983,1936,1714,1260,854,584,347,222,123,92,37,21,9,7,5,3,1
142,828,1674,2004,1978,1644,1180,891,545,384,215,130,90,42,26,12,5,4,3,3
129,817,1579,2062,2066,1701,1163,851,555,333,226,146,73,47,25,12,8,4,1,2
132,773,1725,2013,1963,1684,1212,834,577,348,225,133,78,39,24,21,4,8,5,2
146,835,1625,1966,1964,1737,1218,887,559,353,212,127,77,50,19,8,6,4,4,3
146,863,1641,1933,1969,1654,1265,899,548,383,205,120,72,40,28,12,7,5,7,3
135,814,1601,2097,1970,1619,1199,910,613,333,227,112,81,39,20,11,6,8,4,1
158,821,1656,1973,1993,1655,1212,869,583,390,176,143,71,44,27,10,8,6,2,3
148,840,1527,2042,2018,1705,1257,843,539,367,221,119,75,50,14,21,6,3,3,2
150,786,1701,1982,1976,1652,1235,869,574,360,210,114,79,49,25,14,11,9,4,0
125,844,1629,2028,1988,1691,1188,827,595,355,238,114,69,45,29,14,8,4,5,4
141,832,1685,1944,1995,1616,1237,878,589,373,220,133,65,46,22,8,6,4,4,2
143,870,1582,2033,2031,1611,1184,835,624,347,226,139,76,53,19,13,6,3,2,3
143,778,1675,2056,2013,1602,1229,860,550,372,204,127,84,56,25,14,6,0,2,4
133,827,1614,2023,2008,1658,1239,828,591,372,212,126,74,44,18,18,8,3,2,2
144,774,1677,2025,1981,1657,1216,893,566,353,209,131,76,43,19,15,11,5,1,4
156,824,1569,1960,2045,1719,1287,828,563,349,198,121,77,44,26,16,6,5,4,3
134,786,1671,2043,2020,1611,1221,867,539,380,216,138,67,43,27,15,13,3,0,6
145,801,1596,2061,2036,1663,1248,836,538,370,198,120,78,44,27,15,14,3,4,3
149,782,1646,2043,1957,1671,1263,854,553,382,224,115,65,46,24,9,9,5,1,2
145,804,1663,1981,2005,1683,1250,821,573,349,221,107,79,50,34,16,7,6,2,4
133,816,1574,2082,1977,1678,1253,838,594,357,195,136,67,37,27,15,13,3,1,4
140,789,1671,2044,1995,1659,1170,879,567,358,212,136,85,42,25,12,8,4,1,3
126,854,1635,2008,1941,1672,1204,904,578,374,204,129,85,34,21,13,5,7,4,2
126,808,1680,2005,1994,1645,1253,832,575,375,209,123,71,46,28,14,7,6,2,1
150,843,1600,2087,1925,1590,1281,845,577,381,223,129,75,35,23,14,9,8,2,3
133,811,1589,2063,2018,1651,1249,847,588,366,211,106,77,43,21,12,7,5,0,3
134,804,1705,2039,1963,1579,1183,927,574,375,228,113,89,30,25,15,8,3,4,2
143,804,1639,2029,2055,1605,1253,797,577,328,252,150,67,45,25,13,9,2,4,3
129,754,1660,2062,1994,1689,1180,868,582,374,225,132,65,45,18,12,7,3,0,1
145,793,1652,2024,1966,1631,1257,859,625,332,219,136,72,34,28,13,9,2,1,2
125,836,1721,1998,1984,1555,1238,880,569,347,222,138,74,39,38,18,9,4,4,1
132,775,1643,2084,1984,1706,1188,829,599,339,208,127,83,44,31,12,10,2,1,3
142,839,1633,2019,1977,1699,1208,807,547,346,258,144,91,34,27,16,5,1,5,2
151,809,1611,2100,1894,1663,1255,848,594,376,188,145,67,36,30,14,12,6,1,0
145,818,1659,2050,1945,1626,1202,878,558,383,230,142,76,47,17,11,7,4,1,1
139,831,1560,2080,1987,1683,1242,806,583,398,205,114,71,45,27,14,6,4,2,3
136,782,1607,2074,2001,1664,1276,858,542,348,195,141,73,48,32,6,8,5,1,3
118,844,1612,2031,2009,1681,1208,846,555,359,218,147,91,39,22,10,5,2,2,1
150,787,1656,2067,1954,1678,1211,857,519,387,223,125,98,36,22,13,6,7,1,3
145,842,1643,2011,1947,1644,1253,857,552,401,189,141,85,39,22,11,4,5,5,4
142,842,1599,2049,1998,1586,1317,825,538,382,208,143,70,39,27,16,7,6,1,5
135,806,1629,2015,1998,1704,1203,872,578,358,197,130,80,50,18,11,11,2,1,2
155,799,1594,2063,2012,1690,1172,853,565,381,222,121,78,37,22,18,7,8,1,2
139,802,1603,2100,1920,1676,1279,864,559,344,211,127,77,43,27,15,8,3,2,1
121,790,1683,1979,2006,1663,1267,851,578,373,209,105,76,46,18,18,7,4,5,1
135,855,1615,1997,2014,1672,1177,891,544,364,226,134,80,46,20,8,10,6,4,2
152,816,1545,2013,2036,1694,1232,883,570,377,206,119,70,47,14,16,6,1,1,2
133,821,1616,2001,1974,1701,1291,863,561,339,200,151,63,40,16,18,6,3,3,0
146,847,1640,1906,2033,1693,1204,911,530,369,243,104,77,40,19,17,9,3,2,7
116,884,1593,2017,1979,1673,1218,845,612,367,183,140,71,46,31,11,8,5,0,1
154,821,1582,2034,2016,1624,1211,905,569,378,226,130,77,25,22,12,6,2,2,4
139,817,1679,1958,1979,1700,1220,865,548,388,199,136,80,37,26,13,8,5,1,2
128,821,1573,2070,2000,1657,1282,818,593,349,226,118,86,32,23,10,8,1,3,2
149,814,1624,2020,2040,1636,1245,806,545,383,229,135,83,52,12,12,5,3,1,6
147,828,1593,2014,2009,1690,1194,902,585,337,212,109,73,42,24,16,13,1,7,4
142,774,1659,2061,1898,1718,1254,847,571,384,198,143,68,29,24,13,8,2,4,3
149,807,1630,2045,2022,1569,1297,852,538,351,232,139,72,38,29,18,8,1,1,2
144,847,1585,1956,2036,1700,1217,880,576,370,204,134,59,36,25,13,8,3,5,2
135,803,1641,2031,1994,1654,1236,889,541,355,228,132,71,37,21,15,11,2,2,2
134,787,1667,2035,2048,1585,1234,860,568,364,231,115,80,40,25,12,6,2,4,3
147,824,1642,2003,1969,1686,1247,820,551,396,213,138,71,43,24,11,8,1,2,4
175,830,1582,1973,2004,1690,1218,873,597,346,222,123,71,40,31,12,4,4,1,4
149,804,1575,2073,2000,1667,1225,847,587,361,211,130,73,47,27,11,4,4,1,4
132,792,1628,2091,2020,1608,1215,881,563,355,205,137,69,42,34,12,6,2,3,5
137,854,1615,1956,1976,1697,1293,820,590,369,189,117,84,53,24,14,5,4,1,2
128,820,1605,2003,2005,1697,1218,914,563,375,199,121,61,41,28,9,3,5,1,4
148,816,1615,2039,1981,1687,1172,898,530,383,236,125,74,39,31,13,10,0,1,2
124,883,1587,2049,1953,1629,1280,847,562,356,219,139,67,54,16,16,5,6,6,2
142,823,1627,2036,1933,1696,1266,849,563,360,211,121,68,44,27,13,11,5,1,4
150,808,1631,2060,1988,1625,1197,877,583,372,190,149,73,41,20,19,5,4,1,7
134,816,1667,2012,1999,1601,1247,879,606,325,219,122,61,48,28,15,7,8,3,3
138,852,1565,2074,1998,1622,1209,870,579,392,209,132,74,34,28,6,7,4,1,6
138,822,1617,1976,2089,1679,1187,833,568,365,219,126,75,38,33,18,6,4,3,4
140,845,1656,2024,1954,1616,1204,905,575,361,207,130,77,48,25,16,6,7,2,2
148,856,1624,2017,1990,1598,1238,853,592,350,216,131,91,43,28,14,5,3,0,3
149,776,1632,2007,2037,1654,1238,885,560,357,218,126,67,52,17,13,4,3,1,4
131,824,1635,2055,1928,1656,1305,830,565,333,225,130,81,57,23,11,4,2,4,1
127,827,1639,2009,1987,1684,1262,847,542,354,226,113,78,48,25,14,10,4,0,4
154,807,1620,2055,1967,1674,1196,883,576,370,210,114,70,44,25,20,7,2,2,4
130,818,1607,2063,1987,1663,1220,884,573,329,224,131,83,43,18,14,8,2,1,2
132,824,1633,1952,2002,1673,1294,849,600,333,216,133,61,52,20,9,8,4,1,4
139,843,1609,2044,2001,1645,1222,848,570,357,220,98,83,50,39,15,6,5,3,3
155,839,1634,1990,1928,1672,1275,858,584,347,207,122,87,49,29,11,8,4,0,1
144,804,1607,2067,2006,1648,1194,872,574,381,211,123,66,46,27,13,7,5,4,1
132,821,1653,2003,1933,1650,1305,889,581,349,208,116,61,34,24,20,12,3,2,4
124,803,1646,2033,1950,1686,1226,893,587,348,229,114,81,40,16,13,5,3,1,2
153,830,1689,2018,1916,1623,1215,877,569,359,241,137,73,50,23,11,7,4,3,2
167,836,1612,1942,2012,1652,1285,871,564,344,209,137,79,38,20,12,8,6,4,2
132,847,1595,1989,1996,1700,1260,868,544,364,210,114,75,51,23,13,7,5,3,4
141,798,1609,2072,2003,1625,1257,845,579,357,224,129,76,36,20,17,7,1,1,3
148,764,1596,2086,2004,1699,1251,833,559,352,216,137,52,49,22,11,13,1,3,4
119,833,1632,2029,1951,1645,1264,891,589,352,199,121,92,34,20,11,9,6,1,2
140,808,1630,2095,1950,1665,1156,877,581,371,211,143,82,40,18,12,8,7,3,3
163,804,1566,2123,1979,1629,1192,856,590,383,217,132,83,36,25,12,5,3,2,0
133,810,1664,2006,1945,1707,1219,864,596,345,223,131,64,32,24,21,7,6,1,2
143,838,1654,1989,1986,1631,1223,868,564,355,216,154,78,48,23,13,9,3,2,3
125,836,1586,2071,1976,1665,1251,839,547,390,222,133,64,39,27,12,5,6,2,4
157,827,1630,1979,2001,1704,1180,854,583,348,229,141,72,32,29,20,3,10,0,1
155,843,1623,1990,1981,1618,1263,862,579,352,215,145,87,34,24,17,8,3,1,0
157,807,1647,2002,1966,1666,1207,867,621,360,202,132,74,44,18,13,11,3,0,3
169,786,1647,2057,1979,1599,1268,844,557,354,228,120,86,45,19,16,10,7,4,5
128,804,1670,2029,2000,1592,1234,887,590,358,223,120,71,43,33,6,5,2,2,3
135,799,1583,2067,2031,1678,1221,866,583,318,219,141,76,33,20,10,10,7,0,3
134,853,1587,2069,1949,1668,1279,811,555,388,207,115,73,55,22,14,8,8,3,2
141,880,1518,2049,2007,1635,1209,948,562,332,219,127,71,46,27,12,9,4,1,3
146,822,1566,2018,1996,1698,1308,845,528,361,218,129,72,39,22,12,10,4,4,2
137,829,1563,2027,2074,1593,1285,853,601,359,193,129,70,36,24,12,9,3,0,3
135,823,1604,2030,2026,1620,1215,887,622,352,215,117,57,37,24,24,2,6,2,2
154,766,1648,2012,2003,1659,1290,831,555,363,235,119,86,36,22,9,1,6,2,3
131,821,1619,2060,1939,1673,1230,865,618,350,205,115,81,43,22,15,4,3,3,3
125,840,1613,2044,1998,1594,1258,850,599,352,253,117,80,39,19,8,3,2,3,3
160,828,1624,1971,2043,1643,1206,843,598,354,217,149,80,34,24,11,6,5,1,3
139,873,1595,2027,1981,1624,1210,864,614,359,223,115,68,53,21,14,9,8,1,2
140,878,1586,1995,2041,1587,1254,835,602,383,207,110,67,50,25,16,11,9,2,2
150,832,1560,2030,2018,1675,1235,872,585,337,215,127,63,43,25,14,14,4,0,1
126,826,1663,1986,1972,1673,1249,902,530,352,215,135,78,47,24,7,9,3,2,1
132,781,1629,2054,1991,1624,1303,849,577,375,209,127,75,31,16,13,5,4,3,2
138,776,1636,2064,2030,1593,1242,897,595,325,194,138,82,42,28,7,7,3,0,3
141,802,1651,2030,1959,1666,1270,839,561,358,230,116,73,48,23,11,12,8,0,2
150,784,1587,2112,1994,1668,1195,811,605,374,226,133,73,47,17,13,4,3,1,3
152,800,1631,2049,2004,1676,1196,847,528,361,230,137,97,38,17,15,7,10,4,1
134,790,1629,2053,1977,1708,1224,839,599,340,230,131,52,39,25,12,8,5,2,3
133,855,1631,2027,1925,1679,1243,871,557,340,219,129,86,45,28,15,11,3,0,3
130,858,1578,2038,2005,1667,1237,847,551,348,233,142,77,32,19,18,12,5,1,2
129,827,1665,1989,2000,1607,1260,858,597,366,234,117,71,41,14,10,5,3,4,3
148,816,1582,2087,1963,1652,1243,885,561,348,213,148,66,30,25,15,7,6,2,3
134,819,1629,2023,2004,1655,1226,897,548,335,226,141,65,34,29,17,7,6,2,3
152,821,1631,2026,2008,1622,1230,858,554,352,220,130,97,48,28,12,4,2,3,2
133,827,1625,2025,2037,1554,1305,830,570,392,203,135,83,33,20,13,7,2,3,3
148,833,1559,2089,1963,1678,1228,843,549,398,216,135,74,47,14,17,4,2,1,2
131,845,1637,2022,2014,1627,1236,802,575,390,211,123,82,44,21,20,8,7,3,2
151,802,1621,1996,2029,1680,1229,882,550,342,204,139,62,55,20,17,10,7,2,2
122,829,1684,1942,1991,1689,1276,826,558,362,217,126,87,38,22,14,5,4,6,2
134,803,1663,2030,1987,1676,1205,842,574,364,226,118,89,43,25,8,7,1,2,3
142,850,1625,2015,1945,1669,1230,903,545,370,194,140,61,38,34,14,15,4,2,4
137,789,1620,2074,1985,1664,1230,880,564,334,220,129,80,41,12,24,10,1,1,5
133,829,1660,2019,1972,1625,1232,885,552,401,182,131,66,56,26,13,9,2,2,5
153,788,1636,2003,1967,1713,1227,884,572,366,208,123,73,43,19,6,11,5,1,2
129,866,1639,2025,1995,1552,1226,898,566,381,205,137,82,47,23,15,9,2,2,1
124,827,1614,2054,2003,1662,1169,896,567,368,226,116,79,44,23,9,10,5,2,2
134,797,1657,1979,2049,1632,1234,876,557,363,233,133,75,36,21,10,8,2,0,4
127,844,1599,2059,1961,1663,1206,890,589,342,225,127,77,41,21,13,9,4,1,2
146,837,1576,2033,2027,1633,1269,850,549,354,221,127,76,39,27,20,7,3,2,4
146,820,1590,2027,2072,1594,1251,862,562,355,216,132,71,52,23,14,5,3,2,3
138,813,1606,2021,2056,1593,1249,900,557,360,225,126,66,34,22,14,11,4,3,2
155,803,1591,2077,1999,1640,1222,857,569,367,209,140,87,32,23,13,5,7,3,1
118,835,1653,2034,1983,1654,1229,838,572,365,209,125,79,44,25,20,8,5,1,3
144,826,1567,2059,2036,1669,1204,880,544,342,228,113,83,36,39,15,4,5,2,4
137,830,1537,2049,2007,1693,1255,852,592,359,218,119,67,32,26,15,5,5,2,0
151,790,1590,2039,1992,1677,1228,871,604,386,204,125,56,39,27,13,3,1,2,2
131,786,1656,2042,1970,1670,1233,873,570,345,234,119,76,49,16,14,5,5,3,3
133,820,1673,1970,2009,1609,1231,877,618,353,231,126,72,33,23,11,7,2,0,2
134,825,1586,2075,1960,1650,1272,892,541,363,202,112,76,59,23,12,6,6,3,3
127,843,1628,2012,1945,1696,1222,845,587,417,203,123,67,40,23,9,2,6,3,2
119,839,1640,2041,2016,1597,1232,879,551,337,218,146,86,45,24,18,5,2,1,4
128,799,1629,2003,2038,1684,1186,883,592,372,209,110,81,34,28,10,7,4,2,1
147,789,1569,2111,2026,1666,1205,846,567,371,200,126,64,50,23,20,13,4,1,2
150,855,1599,2009,1993,1598,1261,862,602,352,225,144,64,37,18,7,12,7,3,2
136,811,1667,1985,1968,1657,1256,852,605,357,220,124,75,31,32,15,4,3,0,2
146,838,1620,1988,1932,1669,1271,917,567,363,201,132,73,32,19,14,9,3,4,2
132,776,1665,1964,2024,1679,1292,873,555,337,226,122,65,43,20,12,9,2,1,3
118,839,1608,2013,2019,1654,1248,848,586,348,228,138,71,38,19,11,4,5,2,3
133,829,1582,2102,1984,1692,1174,845,549,372,219,124,97,38,33,12,8,4,2,1
147,857,1561,2073,1977,1607,1254,867,571,354,238,128,75,40,16,17,8,5,3,2
147,824,1549,2110,1915,1767,1227,860,511,355,228,126,84,46,22,13,6,3,5,2
126,786,1565,2130,2047,1619,1253,840,564,373,207,113,75,48,26,12,7,2,3,4
151,762,1620,2076,2026,1668,1189,902,545,345,213,125,81,46,18,18,6,4,2,3
124,811,1631,2046,2000,1642,1247,867,560,338,236,125,77,44,27,11,5,3,4,2
153,809,1658,2023,2020,1604,1240,850,555,335,211,142,88,56,30,8,7,4,3,4
132,829,1650,2061,2008,1617,1169,868,553,373,210,133,88,45,32,16,7,4,3,2
147,825,1578,2037,2060,1618,1208,890,555,347,220,147,69,46,23,13,8,4,2,3
150,768,1661,2055,2033,1595,1189,890,586,339,222,133,78,40,26,18,7,6,2,2
114,847,1616,2018,2058,1642,1228,852,545,348,220,124,83,41,24,19,8,4,8,1
124,817,1655,2014,1982,1665,1226,864,579,368,212,129,70,38,26,13,4,6,5,3
130,823,1645,1994,2056,1616,1247,820,566,368,226,134,78,45,28,8,7,2,4,3
149,806,1604,1988,2034,1652,1275,842,575,391,205,132,62,36,24,13,3,4,1,4
147,769,1608,2065,2085,1652,1192,850,564,333,220,147,79,38,19,16,9,3,4,0
164,826,1620,1964,2006,1697,1219,851,562,356,232,134,65,46,34,11,7,4,1,1
125,809,1624,2076,2030,1573,1239,893,569,348,196,139,79,49,21,12,11,4,1,2
135,781,1607,2094,1974,1641,1285,884,533,383,192,123,81,46,18,11,1,8,1,2
131,812,1675,1984,1971,1646,1286,854,580,358,211,122,75,35,25,12,13,1,3,6
145,804,1610,2012,2018,1736,1187,842,588,359,192,128,68,46,31,18,6,7,1,2
131,784,1662,2044,1965,1713,1224,840,568,351,223,133,75,33,23,13,8,5,4,1
137,788,1709,1980,2009,1686,1168,887,546,358,229,125,77,42,31,9,6,7,3,3
133,785,1584,2094,1997,1669,1256,861,582,366,194,123,56,45,24,15,5,6,4,1
155,825,1645,1925,2056,1658,1226,872,557,368,230,133,70,33,21,10,6,0,5,5
135,835,1646,2017,1953,1634,1237,882,580,357,245,134,65,32,25,8,6,5,2,2
137,802,1609,2072,1965,1645,1261,882,544,381,215,109,90,44,24,7,8,1,2,2
134,798,1638,2059,2037,1588,1257,865,523,363,222,132,81,32,32,26,5,4,0,4
127,840,1637,1999,2017,1665,1211,828,576,389,228,109,79,44,25,12,6,6,1,1
145,802,1653,2048,2016,1606,1214,829,565,378,247,138,60,41,30,11,6,2,2,7
124,822,1653,2047,2020,1614,1190,876,571,342,200,159,82,45,24,11,10,5,2,3
137,829,1604,2007,2028,1647,1231,884,592,362,201,109,80,30,18,24,8,5,1,3
139,837,1589,2018,2016,1635,1293,838,563,341,218,142,82,45,15,12,4,5,5,3
131,834,1642,2051,2026,1594,1231,854,541,347,213,140,83,49,24,18,5,4,9,4
146,823,1587,2024,2013,1655,1240,868,579,363,194,135,81,42,14,16,4,8,5,3
134,842,1610,2040,2045,1563,1192,893,593,371,222,125,61,51,25,16,5,6,5,1
143,827,1608,2007,2041,1640,1256,826,579,360,206,121,87,41,18,18,12,4,3,3
127,839,1584,1996,2039,1664,1294,872,533,319,225,137,81,36,30,12,5,1,5,1
156,770,1616,2032,2069,1665,1178,876,561,362,219,119,96,29,22,16,5,7,0,2
132,815,1670,1985,1932,1733,1214,861,622,321,209,132,76,48,20,11,8,4,4,3
137,863,1621,1968,1983,1640,1278,857,568,345,232,133,78,42,25,19,6,3,1,1
151,791,1599,1963,2047,1673,1289,892,543,364,214,120,69,39,23,13,5,1,0,4
131,834,1645,2030,1977,1632,1237,875,556,358,221,126,66,58,19,13,7,6,1,8
157,793,1602,2040,2038,1621,1273,851,541,378,210,121,73,44,32,11,3,4,5,3
140,846,1627,2006,1966,1678,1218,866,564,370,221,130,70,38,28,13,11,3,5,0
154,827,1580,2034,2033,1640,1227,830,580,380,212,127,72,57,22,9,9,6,0,1
140,854,1575,2000,2068,1616,1276,798,552,395,233,117,74,49,27,11,7,4,4,0
131,825,1595,2022,1972,1693,1290,879,520,373,222,125,62,33,25,12,9,6,1,5
148,786,1558,2069,2063,1642,1239,890,589,335,197,113,62,52,30,14,5,5,1,2
128,854,1629,2014,1958,1673,1217,873,592,347,204,122,79,56,32,12,3,2,4,1
140,792,1604,2095,2014,1627,1244,820,601,337,215,128,74,53,27,14,6,5,2,2
147,833,1614,2068,1918,1691,1254,839,552,346,225,134,71,44,25,21,9,2,4,3
145,820,1631,2028,1937,1644,1275,922,558,329,212,131,72,40,27,13,7,5,1,3
165,798,1610,2040,2000,1626,1242,858,587,354,208,129,75,44,29,18,8,6,0,3
145,798,1619,1986,1991,1723,1241,831,606,367,221,134,66,37,14,9,7,3,1,1
137,775,1630,2021,2009,1703,1231,876,576,368,202,105,67,40,26,18,7,3,5,1
137,811,1659,2045,1988,1619,1220,864,575,366,205,128,72,41,30,24,8,4,2,2
144,853,1586,1976,2010,1664,1294,863,572,355,194,99,86,51,25,12,6,7,2,1
136,792,1613,2015,2030,1695,1255,881,521,343,227,125,66,40,25,16,6,4,7,3
143,772,1677,2034,2015,1648,1179,893,563,354,193,134,97,46,22,15,6,4,3,2
127,791,1711,2066,1902,1663,1240,836,549,386,219,127,97,40,20,6,6,7,5,2
142,820,1614,2024,1964,1639,1303,868,548,385,208,129,65,35,18,18,8,3,5,4
130,786,1649,2109,1968,1651,1245,799,570,369,211,145,74,41,23,14,4,8,3,1
143,834,1632,2006,2019,1609,1239,848,599,367,180,139,83,54,19,12,7,5,2,3
152,795,1627,2061,1993,1602,1237,891,597,344,192,135,79,40,31,11,7,4,1,1
120,872,1644,2020,1939,1606,1277,876,549,372,212,137,78,45,28,9,9,5,1,1
140,803,1631,2061,1977,1673,1209,863,554,360,224,135,66,39,31,14,6,7,5,2
149,766,1611,2041,2065,1580,1282,867,579,361,216,136,66,41,18,10,5,3,1,3
132,818,1618,2025,2040,1646,1231,859,547,376,195,136,72,43,34,14,9,1,3,1
150,859,1602,2008,1976,1655,1209,888,576,340,217,147,78,44,25,12,7,2,1,4
157,823,1618,2052,2008,1614,1246,814,580,358,201,134,73,49,29,17,13,7,3,4
124,850,1607,2056,2008,1636,1217,846,567,345,235,147,66,46,21,12,9,3,2,3
144,860,1599,1976,2003,1644,1251,901,567,338,206,133,79,48,27,11,7,3,0,3
136,819,1636,2027,1998,1684,1197,849,555,383,199,141,67,54,22,17,8,2,5,1
125,834,1617,1979,2016,1724,1243,839,551,370,204,123,75,48,23,11,8,7,2,1
136,788,1567,2114,1933,1692,1268,882,605,340,205,122,72,35,13,12,5,6,0,5
156,820,1627,2038,1958,1653,1222,864,555,388,208,137,77,42,25,13,7,6,2,2
151,824,1642,2036,1924,1691,1193,895,546,337,254,147,60,43,27,11,5,7,2,5
146,856,1599,2017,1978,1676,1208,867,571,352,209,136,82,55,23,8,9,3,1,4
121,830,1599,2012,2060,1628,1244,872,577,354,220,118,67,50,27,10,5,4,0,2
160,796,1602,2047,2043,1581,1275,871,555,361,200,126,77,50,20,19,6,5,2,4
141,839,1641,2026,1952,1655,1243,839,568,363,231,128,71,48,28,14,6,3,2,2
140,794,1641,2072,1994,1607,1226,856,584,358,234,130,68,38,25,19,6,1,4,3
128,791,1601,2074,2004,1648,1290,835,574,349,221,134,66,39,19,11,6,8,1,1
133,845,1611,2014,1985,1625,1269,868,589,345,236,131,59,38,23,10,11,4,2,2
150,845,1553,2033,2018,1674,1225,872,544,365,206,140,87,34,28,5,10,7,2,2
163,832,1623,1998,1965,1635,1216,902,573,359,226,124,79,51,23,14,11,4,2,0
160,810,1593,1973,2020,1689,1259,881,567,350,201,126,72,49,19,14,6,5,3,3
145,905,1601,1966,1951,1656,1253,830,593,368,226,119,87,51,22,15,4,4,2,2
154,824,1617,2003,1964,1691,1221,864,598,353,215,130,70,33,31,16,9,4,1,2
136,863,1565,2020,1996,1605,1328,856,590,349,207,112,78,42,24,10,9,4,1,5
135,820,1580,2127,1914,1660,1220,878,601,365,219,125,78,36,19,9,3,4,1,6
166,834,1612,2062,1911,1679,1188,891,605,321,232,109,88,46,22,14,8,5,0,7
148,833,1615,2027,1969,1654,1297,810,578,323,224,123,92,47,34,9,11,4,1,1
