0,0,14,493,4792,5399,1036,65,1,0,0,0,0,0,0,0,0,0,0,0
4,126,887,2196,3123,2510,1650,776,345,122,45,13,3,0,0,0,0,0,0,0
5,174,1037,2333,2749,2372,1638,851,378,160,60,31,7,5,0,0,0,0,0,0
5,183,998,2273,2893,2429,1513,836,386,191,66,17,8,2,0,0,0,0,0,0
8,180,1066,2216,2915,2342,1549,817,447,151,76,25,7,1,0,0,0,0,0,0
6,179,1035,2193,2915,2438,1555,825,408,145,74,15,9,2,0,1,0,0,0,0
5,180,1064,2236,2890,2350,1569,783,427,193,74,23,3,3,0,0,0,0,0,0
6,173,1072,2287,2784,2423,1525,829,420,184,62,22,11,1,1,0,0,0,0,0
7,168,1083,2269,2864,2333,1528,858,403,173,64,36,11,3,0,0,0,0,0,0
5,203,1062,2209,2880,2347,1578,808,436,167,72,22,6,2,3,0,0,0,0,0
1,197,1067,2228,2839,2397,1534,876,379,171,72,30,8,0,1,0,0,0,0,0
5,172,1092,2224,2917,2326,1498,886,393,169,76,37,3,2,0,0,0,0,0,0
6,196,1091,2176,2844,2389,1624,836,365,146,73,27,16,7,3,1,0,0,0,0
6,192,1082,2244,2841,2369,1547,806,410,183,76,30,10,2,1,0,1,0,0,0
7,195,1055,2215,2804,2497,1544,793,424,168,61,26,6,5,0,0,0,0,0,0
5,180,1088,2255,2819,2361,1587,813,399,175,79,25,9,5,0,0,0,0,0,0
3,178,1041,2197,2972,2365,1541,842,398,160,64,26,7,3,0,2,1,0,0,0
5,186,1076,2238,2852,2343,1579,853,358,200,72,25,8,3,2,0,0,0,0,0
3,156,1072,2270,2897,2325,1551,846,419,173,58,20,6,2,0,2,0,0,0,0
4,179,1108,2228,2829,2399,1539,824,398,183,76,25,7,1,0,0,0,0,0,0
3,170,1125,2284,2843,2282,1509,891,398,176,68,31,16,2,0,2,0,0,0,0
6,176,1049,2282,2863,2340,1541,883,382,178,61,26,7,3,3,0,0,0,0,0
8,186,1067,2201,2910,2355,1529,882,387,156,81,23,10,2,2,0,0,1,0,0
8,199,1079,2234,2865,2320,1560,845,392,186,70,26,9,4,2,1,0,0,0,0
6,181,1056,2279,2857,2310,1545,899,424,141,70,20,11,0,0,1,0,0,0,0
4,168,1062,2265,2918,2290,1576,834,423,161,69,14,13,2,1,0,0,0,0,0
9,191,1087,2146,2919,2335,1578,871,403,150,74,23,8,4,2,0,0,0,0,0
7,201,1071,2214,2745,2419,1625,897,374,155,67,10,9,5,1,0,0,0,0,0
4,188,1056,2222,2869,2420,1530,839,382,176,82,24,8,0,0,0,0,0,0,0
5,186,1065,2246,2886,2307,1584,863,389,160,68,24,12,5,0,0,0,0,0,0
1,178,1059,2268,2871,2331,1585,831,388,182,76,16,11,2,1,0,0,0,0,0
6,178,1041,2279,2841,2376,1543,891,403,149,64,22,3,3,1,0,0,0,0,0
5,190,1074,2201,2849,2381,1593,826,418,162,71,24,4,2,0,0,0,0,0,0
5,183,1080,2220,2835,2336,1577,900,415,163,58,20,5,2,1,0,0,0,0,0
2,185,1068,2223,2857,2415,1533,863,373,189,66,16,7,2,1,0,0,0,0,0
5,172,1068,2257,2895,2358,1509,841,404,176,74,28,10,3,0,0,0,0,0,0
7,170,1044,2297,2914,2318,1556,795,403,184,66,34,6,4,2,0,0,0,0,0
6,191,1054,2229,2917,2273,1569,888,393,180,70,18,9,3,0,0,0,0,0,0
4,181,1102,2274,2772,2398,1562,835,382,173,74,29,11,3,0,0,0,0,0,0
9,175,1070,2189,2915,2356,1588,831,395,169,63,28,10,0,1,1,0,0,0,0
7,180,1067,2198,2921,2338,1601,836,376,181,57,29,3,4,1,1,0,0,0,0
5,183,1026,2224,2934,2363,1589,833,374,149,74,29,11,4,2,0,0,0,0,0
3,186,1090,2264,2856,2340,1507,833,407,203,71,24,12,2,2,0,0,0,0,0
7,181,1088,2209,2939,2307,1525,836,414,173,83,24,8,5,0,1,0,0,0,0
11,149,1060,2212,2955,2358,1553,830,405,161,71,18,11,4,1,1,0,0,0,0
3,180,1072,2254,2834,2350,1599,804,414,185,71,22,6,4,2,0,0,0,0,0
5,199,1024,2261,2883,2347,1599,824,390,172,64,19,7,4,1,0,1,0,0,0
6,177,1104,2213,2843,2365,1607,840,375,166,62,27,9,4,2,0,0,0,0,0
10,187,1036,2225,2868,2396,1599,838,358,176,68,30,6,3,0,0,0,0,0,0
8,188,1084,2208,2910,2336,1521,867,414,170,49,30,12,2,0,1,0,0,0,0
4,198,1123,2222,2812,2355,1538,856,403,170,78,30,7,4,0,0,0,0,0,0
5,211,1044,2234,2861,2329,1589,863,382,185,64,24,6,2,0,0,1,0,0,0
7,173,1084,2259,2855,2322,1549,860,399,184,75,21,9,3,0,0,0,0,0,0
9,177,1060,2263,2878,2351,1538,830,408,162,79,30,6,4,2,3,0,0,0,0
6,183,1073,2243,2906,2289,1583,846,403,157,66,31,9,3,1,0,1,0,0,0
3,171,1088,2241,2943,2243,1597,836,390,163,81,31,11,2,0,0,0,0,0,0
4,193,1113,2212,2859,2328,1536,874,394,184,55,30,10,2,4,0,2,0,0,0
12,176,1101,2226,2839,2368,1543,854,405,158,77,26,8,4,3,0,0,0,0,0
8,188,1060,2227,2845,2379,1584,841,396,177,56,29,5,4,1,0,0,0,0,0
4,184,1074,2211,2889,2400,1556,804,396,168,70,27,12,3,2,0,0,0,0,0
6,186,1117,2203,2831,2339,1593,867,390,161,63,23,10,9,2,0,0,0,0,0
9,178,1064,2193,2889,2363,1612,822,400,175,66,22,3,3,0,1,0,0,0,0
8,183,1074,2207,2900,2408,1479,820,423,191,70,25,9,1,2,0,0,0,0,0
5,197,1062,2248,2854,2369,1533,822,412,192,70,20,14,2,0,0,0,0,0,0
4,197,1024,2298,2785,2401,1613,785,426,175,53,23,12,3,0,1,0,0,0,0
5,187,1063,2247,2985,2241,1546,809,400,184,78,40,11,4,0,0,0,0,0,0
9,160,1031,2324,2927,2271,1552,809,423,189,67,24,11,2,0,1,0,0,0,0
4,170,1085,2263,2897,2309,1518,839,427,194,53,28,9,3,1,0,0,0,0,0
6,163,1051,2285,2913,2345,1513,826,418,170,68,24,11,5,1,0,0,1,0,0
6,176,1081,2295,2830,2343,1525,858,401,181,60,27,10,6,0,1,0,0,0,0
4,197,1067,2179,2940,2323,1572,854,401,171,59,20,10,0,2,1,0,0,0,0
9,169,1095,2222,2898,2293,1593,860,404,137,75,26,12,6,0,1,0,0,0,0
7,189,1070,2234,2848,2382,1554,839,401,162,76,26,9,2,0,1,0,0,0,0
6,166,1060,2249,2940,2315,1548,829,407,181,68,22,5,2,2,0,0,0,0,0
7,171,1044,2295,2856,2367,1520,827,445,163,63,25,13,4,0,0,0,0,0,0
3,180,1019,2304,2853,2378,1604,791,401,169,70,19,2,3,3,0,1,0,0,0
6,184,1094,2243,2794,2432,1523,843,392,181,76,16,11,2,2,1,0,0,0,0
4,180,1035,2279,2856,2376,1571,826,422,164,49,31,3,1,2,1,0,0,0,0
4,181,1056,2251,2854,2346,1602,821,419,174,56,23,11,1,1,0,0,0,0,0
5,192,1060,2217,2893,2362,1557,825,412,190,63,15,6,1,2,0,0,0,0,0
7,195,1049,2231,2849,2443,1492,861,392,187,52,29,8,3,1,1,0,0,0,0
4,176,1070,2224,2911,2340,1559,809,412,186,73,23,11,2,0,0,0,0,0,0
4,184,1030,2276,2910,2329,1579,802,390,177,79,26,10,2,1,1,0,0,0,0
6,179,1061,2232,2937,2296,1535,856,451,164,48,23,11,1,0,0,0,0,0,0
5,174,1092,2205,2866,2386,1570,841,394,166,64,25,4,6,2,0,0,0,0,0
5,167,1089,2253,2817,2383,1564,848,406,168,65,28,4,3,0,0,0,0,0,0
5,188,1096,2220,2797,2364,1612,845,414,172,58,16,8,3,2,0,0,0,0,0
9,183,1006,2259,2950,2350,1518,861,405,166,64,22,4,3,0,0,0,0,0,0
4,162,1074,2224,2857,2442,1569,809,407,150,62,31,4,2,2,1,0,0,0,0
7,177,1084,2248,2864,2316,1585,853,399,174,58,22,7,2,3,1,0,0,0,0
9,196,1047,2220,2882,2357,1552,858,411,178,52,29,8,1,0,0,0,0,0,0
7,201,1075,2207,2877,2359,1492,908,410,159,67,27,7,2,2,0,0,0,0,0
3,182,1061,2206,2927,2414,1517,812,393,184,66,25,7,2,1,0,0,0,0,0
2,180,1028,2273,2867,2407,1532,851,386,172,68,22,9,2,1,0,0,0,0,0
3,181,1068,2207,2951,2290,1572,828,409,190,74,19,4,3,1,0,0,0,0,0
5,168,1099,2211,2876,2391,1501,871,393,199,54,23,7,2,0,0,0,0,0,0
2,180,1064,2256,2837,2377,1571,841,409,170,60,25,5,3,0,0,0,0,0,0
7,187,1065,2206,2873,2412,1549,837,395,175,67,20,4,2,1,0,0,0,0,0
9,189,1100,2217,2800,2383,1605,839,368,174,74,32,4,2,3,0,1,0,0,0
4,162,1126,2198,2878,2343,1552,865,421,143,62,26,15,5,0,0,0,0,0,0
7,202,1068,2227,2814,2412,1543,814,412,185,77,27,6,3,1,2,0,0,0,0
5,176,1054,2200,2932,2387,1526,832,430,167,52,23,11,2,3,0,0,0,0,0
7,177,1064,2241,2866,2352,1561,864,401,159,63,31,11,3,0,0,0,0,0,0
1,176,1036,2250,2946,2334,1503,884,429,129,81,17,10,1,3,0,0,0,0,0
5,170,1091,2262,2844,2342,1563,859,391,162,64,30,11,6,0,0,0,0,0,0
2,168,1064,2231,2933,2367,1531,818,418,170,59,29,8,1,1,0,0,0,0,0
7,184,1052,2174,2953,2375,1543,834,418,172,62,15,8,2,0,1,0,0,0,0
7,185,1068,2239,2914,2316,1535,870,386,166,73,21,14,4,2,0,0,0,0,0
8,177,1102,2198,2856,2342,1605,864,378,166,64,24,11,3,1,0,0,1,0,0
5,161,1041,2265,2902,2348,1561,876,377,173,62,20,7,2,0,0,0,0,0,0
4,182,1026,2221,2902,2411,1589,812,392,169,52,26,8,3,1,1,1,0,0,0
6,173,1088,2184,2877,2413,1500,904,393,157,70,26,5,1,2,1,0,0,0,0
11,171,1062,2248,2869,2350,1554,863,399,174,60,27,10,2,0,0,0,0,0,0
3,195,1080,2255,2878,2306,1543,834,417,173,71,28,8,7,2,0,0,0,0,0
4,174,1077,2243,2874,2388,1491,851,425,169,60,33,9,1,0,1,0,0,0,0
5,193,1004,2284,2848,2408,1576,813,406,160,75,18,7,3,0,0,0,0,0,0
6,184,1056,2238,2875,2377,1548,873,366,176,63,25,7,5,1,0,0,0,0,0
5,174,1058,2196,2930,2391,1533,850,375,187,69,19,7,3,1,1,1,0,0,0
11,155,1038,2244,2867,2425,1618,791,398,165,59,15,10,2,2,0,0,0,0,0
4,179,1103,2256,2805,2391,1530,858,415,154,61,24,13,5,2,0,0,0,0,0
7,190,1054,2294,2800,2363,1563,828,431,178,60,23,6,3,0,0,0,0,0,0
4,176,1046,2284,2864,2372,1536,835,404,168,69,28,10,3,1,0,0,0,0,0
9,179,1029,2255,2911,2333,1542,864,418,158,66,20,9,4,2,0,0,1,0,0
7,191,1038,2280,2827,2397,1526,826,441,177,54,29,3,2,2,0,0,0,0,0
6,175,1087,2212,2898,2348,1538,867,385,168,78,25,10,0,2,1,0,0,0,0
2,194,1064,2285,2845,2294,1563,865,401,197,59,23,7,1,0,0,0,0,0,0
7,198,1062,2255,2873,2301,1579,829,408,184,62,30,8,2,2,0,0,0,0,0
3,201,1038,2259,2849,2418,1515,799,449,170,64,25,7,2,0,0,1,0,0,0
12,215,1049,2177,2839,2418,1585,819,410,176,66,24,6,2,0,1,1,0,0,0
6,181,1064,2259,2875,2373,1503,823,424,175,86,19,10,1,1,0,0,0,0,0
4,208,1070,2185,2866,2404,1561,797,438,164,57,28,11,4,3,0,0,0,0,0
7,181,1031,2276,2832,2369,1648,766,414,185,56,27,5,3,0,0,0,0,0,0
8,208,1037,2249,2888,2314,1568,828,422,180,65,21,9,3,0,0,0,0,0,0
7,156,1127,2157,2905,2383,1581,799,409,182,58,24,8,3,1,0,0,0,0,0
6,185,1020,2267,2880,2380,1549,870,381,166,60,25,8,2,1,0,0,0,0,0
2,165,1094,2235,2935,2335,1508,822,404,179,74,40,3,3,1,0,0,0,0,0
3,164,1115,2244,2827,2376,1537,822,432,177,68,28,5,0,1,0,1,0,0,0
4,196,1105,2271,2744,2340,1582,871,416,172,63,24,9,3,0,0,0,0,0,0
5,175,1033,2274,2915,2321,1532,886,396,161,55,30,13,3,1,0,0,0,0,0
3,199,1055,2207,2893,2350,1550,874,407,172,58,21,2,5,4,0,0,0,0,0
4,187,1043,2263,2892,2309,1614,824,377,179,69,23,11,4,1,0,0,0,0,0
11,200,1027,2216,2945,2322,1544,838,419,177,65,21,9,4,2,0,0,0,0,0
6,196,1066,2218,2900,2338,1532,858,393,186,65,29,7,4,2,0,0,0,0,0
6,184,1047,2293,2800,2426,1528,858,401,154,57,24,14,6,1,1,0,0,0,0
9,173,1046,2259,2878,2339,1556,879,395,174,71,14,3,3,1,0,0,0,0,0
4,195,1089,2235,2828,2361,1537,851,409,184,69,26,8,2,1,1,0,0,0,0
7,190,1113,2142,2891,2338,1630,836,378,166,72,20,12,5,0,0,0,0,0,0
1,168,1081,2221,2869,2408,1573,817,370,173,72,35,11,1,0,0,0,0,0,0
3,179,1073,2269,2803,2370,1577,871,395,160,67,25,7,1,0,0,0,0,0,0
8,188,1030,2234,2985,2317,1496,834,414,185,65,32,9,2,1,0,0,0,0,0
3,199,1066,2173,2913,2402,1535,854,398,147,77,14,14,3,1,1,0,0,0,0
3,217,1060,2217,2877,2356,1531,847,395,185,77,18,11,4,1,1,0,0,0,0
8,178,1057,2280,2795,2434,1517,852,401,177,62,28,6,3,1,0,1,0,0,0
13,168,1060,2230,2881,2349,1579,855,394,164,64,26,13,3,1,0,0,0,0,0
4,178,1058,2286,2842,2344,1536,852,419,185,61,20,6,7,2,0,0,0,0,0
7,169,1062,2259,2870,2385,1521,835,420,157,74,26,10,4,1,0,0,0,0,0
5,178,1065,2247,2900,2362,1533,818,421,157,68,28,15,3,0,0,0,0,0,0
3,173,1070,2251,2872,2366,1523,878,403,169,54,27,7,2,1,1,0,0,0,0
3,176,1060,2266,2855,2386,1551,829,398,168,75,22,7,4,0,0,0,0,0,0
4,182,1024,2230,2912,2373,1620,818,372,166,59,27,7,2,3,1,0,0,0,0
6,167,1031,2315,2847,2353,1533,899,406,149,55,32,3,3,1,0,0,0,0,0
2,167,1071,2211,2893,2361,1600,843,389,159,69,22,9,3,1,0,0,0,0,0
5,164,1073,2215,2859,2479,1527,806,409,164,63,25,7,0,2,1,0,0,0,1
3,189,1045,2234,2899,2370,1572,792,403,192,59,27,12,3,0,0,0,0,0,0
9,161,1093,2181,2967,2287,1616,815,399,170,70,18,8,5,0,0,1,0,0,0
7,210,1035,2229,2857,2392,1584,800,402,182,70,19,12,1,0,0,0,0,0,0
4,160,1107,2284,2831,2336,1546,828,427,167,72,23,12,2,1,0,0,0,0,0
4,182,1038,2225,2906,2351,1584,837,422,157,57,27,7,2,1,0,0,0,0,0
8,159,1086,2277,2867,2279,1549,893,393,178,75,23,9,4,0,0,0,0,0,0
4,184,1027,2283,2897,2342,1557,829,389,182,74,22,8,2,0,0,0,0,0,0
7,173,1082,2288,2829,2384,1459,864,416,196,62,30,6,1,2,1,0,0,0,0
4,167,1025,2373,2877,2288,1496,859,424,173,65,38,7,4,0,0,0,0,0,0
5,170,1041,2300,2872,2368,1540,839,375,185,76,19,7,2,1,0,0,0,0,0
9,173,1051,2291,2886,2285,1583,823,396,182,77,31,9,2,2,0,0,0,0,0
3,192,1088,2230,2858,2361,1525,834,413,185,67,33,6,4,1,0,0,0,0,0
9,196,1084,2212,2851,2323,1580,858,425,160,69,26,3,3,0,1,0,0,0,0
3,183,1074,2226,2874,2335,1565,890,378,183,53,25,3,7,1,0,0,0,0,0
5,187,1048,2245,2867,2335,1600,839,400,188,59,19,4,3,1,0,0,0,0,0
5,180,1085,2265,2902,2284,1524,827,420,195,70,26,14,1,1,1,0,0,0,0
3,209,1044,2253,2884,2339,1525,845,401,189,73,21,12,0,1,1,0,0,0,0
4,203,1025,2259,2912,2348,1543,812,412,166,72,24,13,4,3,0,0,0,0,0
6,189,1076,2189,2926,2337,1532,888,371,188,58,30,7,2,1,0,0,0,0,0
4,174,1076,2261,2857,2376,1506,853,422,158,73,28,6,6,0,0,0,0,0,0
7,222,1046,2230,2900,2281,1547,892,385,181,70,30,6,2,1,0,0,0,0,0
4,182,1048,2255,2952,2314,1518,839,403,179,68,22,13,2,0,1,0,0,0,0
1,168,1079,2199,2906,2382,1579,797,418,176,68,19,4,4,0,0,0,0,0,0
3,178,1032,2230,2947,2315,1606,835,370,173,74,27,6,4,0,0,0,0,0,0
4,148,1094,2272,2845,2380,1527,882,397,159,65,15,6,4,1,1,0,0,0,0
2,159,1052,2240,2957,2311,1568,879,372,170,58,23,4,3,1,1,0,0,0,0
6,191,1029,2264,2899,2309,1576,838,410,188,54,26,8,2,0,0,0,0,0,0
4,191,1050,2267,2851,2292,1600,872,401,185,58,25,2,2,0,0,0,0,0,0
6,182,1068,2213,2859,2401,1561,827,413,189,51,22,6,1,0,1,0,0,0,0
8,182,1061,2254,2894,2347,1514,845,417,178,66,25,8,1,0,0,0,0,0,0
6,197,1083,2190,2876,2354,1573,866,365,181,69,27,10,2,1,0,0,0,0,0
9,181,1066,2303,2796,2327,1576,847,405,183,74,26,4,2,0,1,0,0,0,0
7,170,1058,2272,2812,2433,1550,828,397,178,63,20,6,4,1,1,0,0,0,0
6,189,1069,2214,2878,2301,1642,831,406,159,64,27,11,2,0,1,0,0,0,0
9,203,1015,2286,2778,2426,1586,826,391,177,65,25,10,1,2,0,0,0,0,0
6,192,1088,2271,2782,2365,1562,852,381,177,76,35,11,2,0,0,0,0,0,0
4,167,1086,2265,2822,2349,1570,870,416,154,70,19,6,1,1,0,0,0,0,0
4,166,1033,2305,2860,2362,1541,870,414,140,75,23,7,0,0,0,0,0,0,0
5,159,1067,2255,2977,2280,1520,856,414,170,67,22,5,0,3,0,0,0,0,0
3,191,1035,2271,2847,2382,1585,812,409,168,58,20,11,7,1,0,0,0,0,0
2,172,1099,2231,2837,2367,1549,883,381,177,69,18,9,3,2,1,0,0,0,0
10,169,1062,2274,2867,2350,1537,862,396,163,74,17,9,7,2,0,0,1,0,0
4,203,1033,2238,2913,2315,1564,854,395,169,72,32,6,1,1,0,0,0,0,0
4,187,1102,2216,2894,2286,1608,797,418,188,71,18,5,2,3,1,0,0,0,0
5,191,1053,2206,2944,2321,1537,850,433,177,52,21,3,2,3,2,0,0,0,0
4,189,1063,2280,2809,2377,1556,830,410,182,62,26,5,6,1,0,0,0,0,0
4,178,1090,2245,2833,2315,1583,889,393,170,64,24,7,4,0,0,1,0,0,0
3,169,1080,2283,2794,2393,1584,817,386,174,71,26,16,1,3,0,0,0,0,0
4,194,1092,2192,2892,2386,1513,851,384,178,68,27,11,4,2,1,1,0,0,0
1,192,1085,2238,2856,2347,1529,851,397,189,74,25,11,3,2,0,0,0,0,0
3,168,1044,2264,2874,2365,1572,843,392,175,59,25,14,1,1,0,0,0,0,0
5,172,1028,2311,2866,2341,1543,872,384,167,69,23,16,3,0,0,0,0,0,0
7,174,1075,2311,2847,2293,1573,801,406,195,75,31,11,1,0,0,0,0,0,0
6,160,1033,2320,2916,2275,1510,889,416,167,79,17,11,1,0,0,0,0,0,0
12,173,1116,2183,2912,2268,1613,837,401,180,55,38,9,2,1,0,0,0,0,0
7,167,1077,2273,2897,2272,1618,801,390,175,76,31,13,1,2,0,0,0,0,0
4,172,1084,2175,2887,2452,1559,821,374,159,75,28,7,3,0,0,0,0,0,0
8,173,1040,2329,2847,2326,1579,801,385,191,73,39,6,1,2,0,0,0,0,0
6,199,1022,2287,2855,2341,1564,854,385,184,64,25,9,3,2,0,0,0,0,0
1,182,1057,2260,2816,2410,1590,814,406,162,60,32,6,4,0,0,0,0,0,0
6,179,1024,2252,2880,2424,1560,821,378,164,69,31,7,5,0,0,0,0,0,0
5,186,1022,2276,2877,2297,1602,890,400,149,62,21,11,2,0,0,0,0,0,0
2,194,1063,2195,2893,2423,1526,810,420,167,71,22,7,5,1,1,0,0,0,0
7,178,1031,2240,2913,2428,1483,850,387,183,61,22,14,2,1,0,0,0,0,0
7,186,1063,2266,2884,2292,1570,824,404,193,75,20,8,5,2,1,0,0,0,0
5,190,1060,2279,2822,2326,1568,875,386,180,78,18,9,2,2,0,0,0,0,0
6,195,1071,2186,2851,2428,1555,829,400,179,60,26,10,2,2,0,0,0,0,0
5,187,1073,2243,2851,2345,1579,835,394,184,61,30,10,2,1,0,0,0,0,0
4,170,1080,2232,2899,2314,1577,853,404,148,82,27,8,2,0,0,0,0,0,0
5,180,1090,2223,2876,2398,1531,812,396,168,71,31,13,3,3,0,0,0,0,0
7,193,1064,2214,2837,2441,1548,805,385,200,65,30,7,3,1,0,0,0,0,0
9,177,1048,2273,2959,2262,1518,855,425,167,76,16,8,4,1,2,0,0,0,0
4,178,1024,2217,2992,2332,1517,850,416,175,67,19,6,2,0,1,0,0,0,0
3,197,1079,2225,2807,2426,1529,844,404,173,72,29,8,3,1,0,0,0,0,0
6,182,1109,2259,2797,2326,1582,830,423,180,67,26,9,3,1,0,0,0,0,0
4,177,1100,2229,2885,2352,1482,885,397,185,59,29,13,1,1,0,0,1,0,0
3,190,1083,2239,2789,2421,1583,816,402,168,75,22,6,3,0,0,0,0,0,0
4,216,1010,2215,2969,2288,1542,837,472,166,50,25,3,3,0,0,0,0,0,0
8,191,1058,2187,2881,2416,1550,867,385,148,65,35,5,2,1,1,0,0,0,0
10,188,1051,2230,2894,2354,1541,867,387,167,75,20,14,1,1,0,0,0,0,0
3,182,1083,2225,2847,2366,1586,830,403,175,67,24,6,2,1,0,0,0,0,0
11,211,1058,2269,2825,2344,1523,856,397,186,75,29,10,5,1,0,0,0,0,0
6,211,1018,2275,2912,2330,1502,813,422,197,67,34,4,5,4,0,0,0,0,0
6,207,1048,2179,2988,2304,1520,832,430,184,66,24,5,6,1,0,0,0,0,0
5,174,1061,2293,2875,2371,1457,839,424,173,74,36,12,6,0,0,0,0,0,0
7,174,1031,2308,2897,2367,1486,840,402,178,75,22,11,1,1,0,0,0,0,0
5,194,1072,2280,2810,2345,1534,868,400,181,63,30,13,3,2,0,0,0,0,0
7,183,1128,2235,2838,2303,1527,879,399,197,64,28,10,0,2,0,0,0,0,0
7,181,1087,2296,2809,2313,1558,872,390,172,74,27,11,2,0,1,0,0,0,0
8,179,1067,2283,2814,2367,1551,868,413,135,79,21,8,5,1,1,0,0,0,0
5,202,1107,2205,2833,2363,1547,857,397,161,79,26,16,0,1,1,0,0,0,0
10,195,1030,2223,2897,2390,1569,818,394,171,65,23,9,3,2,0,0,1,0,0
7,161,1087,2257,2869,2339,1572,852,371,177,69,23,13,2,1,0,0,0,0,0
5,175,1054,2231,2911,2337,1598,815,406,169,65,18,10,4,1,1,0,0,0,0
3,170,1074,2213,2883,2429,1557,814,378,181,61,24,11,2,0,0,0,0,0,0
6,186,1007,2240,2959,2372,1528,800,429,190,57,20,5,0,1,0,0,0,0,0
6,181,1085,2214,2883,2370,1539,852,390,182,64,20,13,0,0,1,0,0,0,0
4,198,991,2222,2931,2422,1564,801,406,166,67,23,3,1,0,0,0,1,0,0
3,160,1124,2211,2851,2384,1523,854,412,184,60,24,6,3,0,0,1,0,0,0
5,181,1118,2235,2808,2361,1557,840,419,172,73,18,11,2,0,0,0,0,0,0
5,178,1065,2237,2898,2373,1531,843,384,177,62,30,9,6,2,0,0,0,0,0
2,187,1100,2255,2852,2307,1559,830,430,166,74,24,8,4,1,1,0,0,0,0
5,190,1132,2270,2802,2286,1512,903,414,175,78,24,6,1,1,1,0,0,0,0
6,167,1025,2256,2935,2364,1515,863,396,168,67,32,2,3,1,0,0,0,0,0
5,194,1073,2228,2848,2332,1584,875,404,155,72,17,9,1,2,1,0,0,0,0
8,176,1121,2211,2856,2348,1563,858,372,171,72,25,9,7,2,1,0,0,0,0
5,195,1149,2235,2750,2331,1553,888,423,168,66,19,14,2,1,0,1,0,0,0
7,191,1043,2187,2939,2410,1546,799,420,149,63,30,12,0,2,2,0,0,0,0
7,167,1039,2307,2880,2395,1476,814,422,198,56,28,9,2,0,0,0,0,0,0
7,192,1092,2274,2837,2291,1526,886,425,159,77,23,5,4,0,1,1,0,0,0
7,212,1032,2238,2847,2371,1576,832,421,171,60,19,7,4,2,1,0,0,0,0
9,193,1018,2226,2897,2447,1496,828,426,167,57,29,6,1,0,0,0,0,0,0
10,171,1054,2195,2890,2438,1553,844,397,165,56,19,3,3,1,0,1,0,0,0
7,183,1054,2257,2851,2399,1523,847,416,162,63,28,7,2,1,0,0,0,0,0
6,184,1082,2196,2859,2400,1578,830,402,172,61,22,6,1,1,0,0,0,0,0
7,181,1058,2266,2878,2336,1570,806,410,187,64,27,6,2,2,0,0,0,0,0
8,199,1068,2198,2843,2431,1536,814,404,188,70,30,9,2,0,0,0,0,0,0
4,175,1098,2188,2911,2411,1512,826,376,166,84,32,10,6,1,0,0,0,0,0
4,181,1078,2223,2858,2388,1542,846,400,169,75,22,11,1,1,1,0,0,0,0
1,190,1047,2254,2916,2305,1553,863,390,178,74,19,8,1,1,0,0,0,0,0
8,204,1043,2236,2864,2345,1591,831,419,154,64,27,8,4,2,0,0,0,0,0
6,182,1060,2261,2916,2302,1517,850,420,180,67,27,7,2,3,0,0,0,0,0
4,147,1068,2231,2910,2368,1557,881,390,159,58,20,5,1,1,0,0,0,0,0
4,171,1039,2270,2896,2356,1580,813,398,175,72,18,4,3,1,0,0,0,0,0
8,176,1076,2229,2862,2340,1593,839,395,169,82,22,7,2,0,0,0,0,0,0
3,175,1040,2309,2823,2336,1611,825,404,184,63,23,2,0,2,0,0,0,0,0
7,215,1053,2194,2859,2376,1550,882,393,183,58,19,9,0,1,0,1,0,0,0
3,171,1080,2225,2829,2465,1518,818,418,167,70,25,8,2,0,1,0,0,0,0
5,193,1065,2194,3004,2285,1501,858,404,168,86,22,11,3,1,0,0,0,0,0
4,182,1063,2229,2884,2448,1474,825,407,154,91,27,7,2,2,0,0,1,0,0
5,169,1077,2261,2880,2317,1574,839,409,169,58,30,9,3,0,0,0,0,0,0
8,191,1034,2259,2832,2390,1547,886,385,161,74,22,8,2,1,0,0,0,0,0
5,192,1019,2305,2838,2343,1568,856,388,164,82,30,10,0,0,0,0,0,0,0
6,181,1060,2202,2849,2394,1632,838,362,165,75,28,6,1,1,0,0,0,0,0
3,187,1055,2213,2895,2406,1525,850,396,171,62,25,9,1,1,0,1,0,0,0
2,177,1058,2268,2833,2371,1584,848,388,174,66,20,8,2,0,1,0,0,0,0
3,186,1088,2243,2865,2306,1549,886,400,168,72,25,4,2,3,0,0,0,0,0
6,183,1053,2278,2908,2300,1499,885,402,177,81,15,9,2,1,1,0,0,0,0
10,175,993,2336,2925,2299,1514,846,408,197,63,24,6,2,2,0,0,0,0,0
7,161,1086,2224,2819,2403,1604,838,425,136,59,25,8,3,2,0,0,0,0,0
3,171,1040,2264,2859,2418,1523,863,412,159,58,19,7,2,0,2,0,0,0,0
6,184,1096,2199,2867,2373,1560,819,410,187,61,28,7,3,0,0,0,0,0,0
6,169,1043,2201,2875,2468,1592,804,377,153,73,28,9,1,0,1,0,0,0,0
4,210,1058,2208,2877,2306,1648,816,400,178,50,28,12,5,0,0,0,0,0,0
3,195,1051,2237,2848,2374,1575,865,388,166,59,20,11,6,1,1,0,0,0,0
7,191,1086,2224,2887,2323,1505,841,451,186,63,17,13,5,1,0,0,0,0,0
3,164,1085,2200,2928,2385,1538,823,388,189,63,21,11,1,1,0,0,0,0,0
6,191,1069,2197,2889,2379,1573,806,408,180,71,21,6,3,1,0,0,0,0,0
4,164,1098,2284,2845,2307,1521,866,440,178,59,20,10,4,0,0,0,0,0,0
7,186,1096,2178,2874,2376,1543,888,388,163,69,20,6,5,1,0,0,0,0,0
4,193,1054,2251,2837,2349,1618,832,403,151,70,25,6,3,3,1,0,0,0,0
5,152,1109,2242,2856,2351,1538,855,436,161,74,10,7,4,0,0,0,0,0,0
9,157,1041,2311,2840,2389,1574,808,400,152,87,25,5,2,0,0,0,0,0,0
7,180,1055,2298,2821,2356,1557,835,403,181,58,32,9,7,0,1,0,0,0,0
6,193,1072,2212,2863,2383,1565,843,399,158,67,31,3,4,1,0,0,0,0,0
8,207,1076,2238,2873,2276,1560,867,394,186,68,37,7,2,1,0,0,0,0,0
7,203,1039,2201,2907,2411,1534,818,406,173,65,29,5,1,0,0,0,1,0,0
2,177,1069,2241,2889,2331,1565,844,412,167,70,21,10,2,0,0,0,0,0,0
8,179,1143,2185,2792,2344,1599,883,401,171,68,17,8,2,0,0,0,0,0,0
9,219,1099,2139,2869,2359,1583,840,418,172,48,29,12,2,2,0,0,0,0,0
3,200,1021,2275,2843,2400,1554,827,420,158,66,26,4,3,0,0,0,0,0,0
5,167,1010,2258,2943,2387,1550,813,393,180,52,28,11,2,1,0,0,0,0,0
4,179,1045,2278,2840,2383,1572,841,390,174,53,27,10,3,0,1,0,0,0,0
2,174,1109,2225,2884,2338,1487,885,414,188,51,30,7,4,2,0,0,0,0,0
3,168,1102,2233,2871,2352,1557,851,382,176,65,24,5,9,2,0,0,0,0,0
3,189,1045,2230,2921,2361,1520,876,381,172,65,20,8,6,3,0,0,0,0,0
5,188,1064,2282,2807,2398,1518,831,425,189,56,24,10,3,0,0,0,0,0,0
3,164,1121,2183,2891,2416,1525,809,412,170,70,21,8,5,2,0,0,0,0,0
5,170,1064,2257,2867,2413,1530,821,399,170,67,28,6,2,0,1,0,0,0,0
8,197,1097,2253,2823,2325,1536,831,427,188,76,24,10,5,0,0,0,0,0,0
5,185,1065,2229,2912,2339,1543,821,424,168,71,24,9,3,1,1,0,0,0,0
12,162,1107,2237,2816,2384,1556,861,388,175,64,25,9,4,0,0,0,0,0,0
6,194,1091,2209,2868,2336,1575,822,406,185,77,21,5,3,0,1,1,0,0,0
2,199,1047,2227,2890,2390,1540,826,387,177,80,24,7,4,0,0,0,0,0,0
2,181,1069,2256,2804,2386,1583,870,386,158,63,31,7,3,1,0,0,0,0,0
4,188,1040,2210,2944,2307,1586,887,363,166,78,17,6,2,0,0,2,0,0,0
2,185,1034,2232,2939,2328,1559,858,396,174,59,26,3,2,2,1,0,0,0,0
8,180,1057,2221,2954,2294,1595,838,374,167,75,22,7,3,4,1,0,0,0,0
8,162,1104,2256,2854,2284,1570,893,391,173,64,19,15,3,4,0,0,0,0,0
10,183,1039,2238,2893,2388,1554,834,380,165,75,27,10,2,2,0,0,0,0,0
3,164,1092,2229,2847,2444,1507,834,397,184,58,34,5,2,0,0,0,0,0,0
6,210,1118,2201,2842,2303,1549,863,423,169,79,23,8,5,1,0,0,0,0,0
3,188,1089,2195,2864,2387,1560,842,395,176,68,27,4,1,1,0,0,0,0,0
6,164,1074,2317,2834,2318,1533,863,424,168,67,23,6,2,1,0,0,0,0,0
3,182,1076,2265,2917,2308,1504,826,435,168,75,27,7,6,1,0,0,0,0,0
12,196,1037,2249,2861,2335,1594,861,380,160,73,29,10,3,0,0,0,0,0,0
7,184,1024,2261,2913,2339,1562,826,407,165,78,23,8,3,0,0,0,0,0,0
3,181,1100,2263,2797,2361,1533,849,432,179,68,21,10,2,1,0,0,0,0,0
8,178,1043,2230,2863,2417,1566,831,388,184,65,16,7,2,1,0,0,1,0,0
6,167,1040,2264,2891,2365,1559,869,395,144,65,21,10,4,0,0,0,0,0,0
3,184,1118,2222,2800,2394,1584,803,393,192,61,27,13,3,1,1,1,0,0,0
4,166,1098,2210,2889,2367,1525,889,376,179,59,28,6,4,0,0,0,0,0,0
6,182,1040,2214,2896,2366,1593,853,393,157,65,25,8,2,0,0,0,0,0,0
9,169,1073,2216,2900,2425,1450,902,401,157,60,22,11,4,1,0,0,0,0,0
7,155,1125,2211,2848,2396,1520,869,406,163,68,19,10,3,0,0,0,0,0,0
5,191,1054,2212,2935,2328,1562,839,383,171,74,33,11,2,0,0,0,0,0,0
6,163,1085,2228,2913,2338,1565,804,395,202,66,25,10,0,0,0,0,0,0,0
7,195,1054,2267,2859,2324,1556,850,391,191,68,29,9,0,0,0,0,0,0,0
7,187,1047,2232,2915,2369,1549,827,379,174,68,32,8,2,3,1,0,0,0,0
5,173,1084,2246,2856,2316,1601,846,421,158,54,22,16,2,0,0,0,0,0,0
6,191,1051,2257,2918,2301,1515,871,405,183,72,20,6,4,0,0,0,0,0,0
3,200,1043,2181,2930,2363,1572,833,397,187,57,24,3,5,1,1,0,0,0,0
3,194,1053,2226,2870,2381,1553,847,392,171,68,30,9,2,0,1,0,0,0,0
4,179,1011,2322,2880,2333,1560,845,372,179,74,25,13,1,2,0,0,0,0,0
7,164,1063,2237,2917,2366,1543,827,404,176,57,31,4,1,2,1,0,0,0,0
2,196,1031,2222,2927,2352,1547,857,388,181,62,19,10,5,1,0,0,0,0,0
3,190,1058,2264,2916,2240,1596,842,428,149,79,25,7,3,0,0,0,0,0,0
3,182,1060,2217,2951,2340,1499,823,439,186,65,21,7,6,1,0,0,0,0,0
5,192,1019,2241,2889,2443,1516,855,393,156,60,16,9,5,0,1,0,0,0,0
3,185,1054,2216,2913,2355,1569,828,421,155,64,27,6,2,2,0,0,0,0,0
9,207,1042,2248,2869,2314,1606,810,412,172,73,25,10,1,1,1,0,0,0,0
3,184,1039,2266,2881,2312,1598,836,420,164,54,31,8,3,1,0,0,0,0,0
5,173,1073,2270,2886,2304,1547,876,409,154,59,35,4,4,1,0,0,0,0,0
8,162,1068,2328,2819,2311,1541,885,416,156,70,17,14,2,2,1,0,0,0,0
6,168,1115,2225,2865,2313,1567,877,388,158,75,27,13,2,1,0,0,0,0,0
4,208,1039,2267,2803,2387,1594,843,386,171,69,17,8,4,0,0,0,0,0,0
8,181,1079,2185,2832,2432,1563,859,411,161,59,19,6,3,2,0,0,0,0,0
6,201,1047,2229,2904,2324,1571,818,431,166,70,24,5,1,2,0,1,0,0,0
7,182,1061,2245,2878,2364,1555,828,399,173,69,24,10,4,1,0,0,0,0,0
3,172,1080,2275,2861,2298,1585,847,385,168,79,36,7,1,2,0,1,0,0,0
5,180,1068,2240,2858,2366,1559,847,405,172,69,25,5,1,0,0,0,0,0,0
8,189,998,2241,2955,2315,1586,864,371,169,66,28,8,2,0,0,0,0,0,0
3,175,1122,2205,2884,2322,1554,843,429,152,69,26,11,3,1,1,0,0,0,0
5,143,1090,2303,2885,2263,1554,868,410,179,56,28,8,5,3,0,0,0,0,0
7,181,1075,2198,2893,2341,1615,801,399,182,68,27,9,3,0,1,0,0,0,0
5,172,1058,2256,2894,2350,1584,797,391,172,69,33,17,1,1,0,0,0,0,0
2,178,1044,2237,2897,2430,1505,823,392,172,78,24,10,4,3,1,0,0,0,0
8,170,1022,2342,2835,2360,1542,833,415,166,65,30,10,1,1,0,0,0,0,0
6,171,1097,2200,2947,2307,1545,848,394,189,50,27,12,2,1,3,1,0,0,0
5,186,1092,2219,2855,2378,1528,863,384,178,73,22,11,5,1,0,0,0,0,0
3,191,1058,2215,2914,2349,1552,843,411,157,68,23,10,4,1,1,0,0,0,0
6,164,1080,2231,2892,2340,1556,842,387,193,81,21,5,1,1,0,0,0,0,0
4,194,1050,2222,2861,2373,1588,813,434,165,72,16,4,2,2,0,0,0,0,0
7,179,1065,2294,2826,2353,1557,830,396,189,68,26,5,3,2,0,0,0,0,0
4,208,1050,2198,2913,2426,1467,853,420,148,72,24,11,5,1,0,0,0,0,0
5,182,1086,2267,2821,2345,1563,878,376,174,73,22,6,2,0,0,0,0,0,0
7,197,1070,2289,2821,2364,1471,848,434,189,67,24,14,3,2,0,0,0,0,0
7,171,1055,2305,2835,2374,1518,844,410,177,66,28,7,2,1,0,0,0,0,0
9,175,1077,2233,2856,2307,1658,845,368,176,64,20,9,2,1,0,0,0,0,0
1,169,1116,2239,2829,2373,1512,883,396,181,69,24,7,1,0,0,0,0,0,0
7,184,1031,2292,2859,2355,1572,810,426,159,70,18,12,4,0,1,0,0,0,0
7,176,1073,2269,2851,2356,1552,834,410,171,64,22,10,4,1,0,0,0,0,0
7,187,1094,2209,2834,2376,1578,846,390,162,82,21,8,4,1,1,0,0,0,0
8,194,1061,2240,2878,2377,1474,850,431,171,87,20,4,3,1,1,0,0,0,0
9,185,1057,2305,2802,2354,1517,891,408,167,71,26,3,3,1,1,0,0,0,0
5,180,1106,2242,2791,2383,1582,824,408,171,74,20,7,5,1,0,1,0,0,0
5,193,991,2318,2848,2383,1586,836,367,149,81,31,7,3,2,0,0,0,0,0
7,185,1088,2231,2849,2347,1546,838,436,181,58,26,5,3,0,0,0,0,0,0
9,198,1058,2180,2915,2350,1570,843,419,163,66,17,8,3,1,0,0,0,0,0
7,177,1020,2266,2868,2396,1552,832,415,183,47,24,9,3,1,0,0,0,0,0
2,191,1075,2255,2830,2277,1616,891,406,168,61,24,2,1,1,0,0,0,0,0
7,167,1080,2201,2921,2335,1561,852,387,185,67,23,9,4,1,0,0,0,0,0
10,206,1044,2307,2788,2361,1522,841,426,193,70,20,8,3,1,0,0,0,0,0
5,177,1131,2113,2915,2403,1502,908,386,159,69,21,9,1,0,1,0,0,0,0
6,204,1040,2156,2964,2358,1564,842,381,180,69,28,4,2,1,0,1,0,0,0
5,175,1091,2283,2800,2318,1564,892,409,150,66,32,12,2,1,0,0,0,0,0
5,201,1057,2202,2887,2423,1476,849,411,185,64,25,10,2,2,1,0,0,0,0
10,167,1116,2194,2933,2328,1529,818,423,173,76,17,9,7,0,0,0,0,0,0
7,197,1054,2258,2885,2289,1548,857,416,192,65,18,6,4,3,1,0,0,0,0
9,157,1101,2240,2890,2337,1498,889,410,168,63,24,9,3,1,1,0,0,0,0
4,188,1085,2221,2845,2381,1562,825,406,181,69,25,5,2,0,1,0,0,0,0
6,185,1088,2177,2956,2342,1493,879,396,169,68,37,2,1,1,0,0,0,0,0
4,165,1083,2253,2870,2342,1554,837,433,165,57,25,9,2,1,0,0,0,0,0
2,190,1003,2262,2972,2316,1546,808,424,173,61,25,8,9,1,0,0,0,0,0
6,181,1056,2272,2944,2256,1480,892,430,175,72,23,10,2,1,0,0,0,0,0
5,190,1050,2205,2946,2371,1510,833,409,174,70,23,7,5,1,1,0,0,0,0
11,190,1042,2201,2855,2448,1551,842,386,174,72,22,5,0,1,0,0,0,0,0
11,168,1080,2239,2855,2379,1552,846,405,172,54,21,7,9,2,0,0,0,0,0
11,172,1105,2277,2817,2323,1587,819,398,185,65,22,12,4,1,1,0,1,0,0
7,185,1069,2257,2797,2417,1572,828,378,173,80,19,7,5,5,1,0,0,0,0
10,177,1085,2209,2886,2386,1511,862,380,181,77,19,13,3,1,0,0,0,0,0
7,185,1028,2240,2923,2326,1592,820,405,166,77,21,8,1,0,1,0,0,0,0
6,183,1041,2230,2838,2428,1556,875,409,147,60,20,3,3,0,0,1,0,0,0
9,182,1041,2219,2905,2391,1581,795,383,191,58,31,10,1,1,2,0,0,0,0
3,186,1084,2257,2872,2303,1534,878,404,159,75,33,4,5,2,1,0,0,0,0
6,208,1089,2162,2912,2373,1515,831,408,190,53,38,7,7,0,0,0,1,0,0
8,156,1071,2244,2923,2351,1544,848,372,167,70,32,9,3,2,0,0,0,0,0
4,191,1055,2240,2843,2417,1519,830,407,184,69,25,10,4,0,2,0,0,0,0
8,187,1037,2278,2833,2376,1595,793,427,166,65,21,9,3,1,0,1,0,0,0
6,177,1035,2283,2842,2415,1524,853,365,191,77,22,8,2,0,0,0,0,0,0
6,158,1056,2303,2857,2388,1544,801,407,171,73,20,11,2,2,1,0,0,0,0
7,196,1089,2245,2793,2383,1531,849,413,186,72,23,7,3,2,1,0,0,0,0
5,206,1087,2204,2868,2321,1596,814,430,174,61,21,9,4,0,0,0,0,0,0
7,203,1046,2191,2901,2395,1566,828,391,167,60,32,8,2,2,1,0,0,0,0
5,184,1113,2181,2886,2335,1572,818,412,186,64,27,12,4,1,0,0,0,0,0
9,170,1069,2174,2917,2353,1604,863,374,161,75,20,6,4,0,0,1,0,0,0
9,197,1042,2255,2807,2415,1555,848,404,171,65,18,11,2,1,0,0,0,0,0
6,187,1055,2225,2877,2378,1555,841,403,172,66,26,5,4,0,0,0,0,0,0
4,181,1068,2238,2862,2389,1493,867,432,171,66,21,6,1,0,1,0,0,0,0
5,167,1074,2215,2922,2326,1630,782,404,166,67,24,9,7,2,0,0,0,0,0
5,172,1122,2155,2912,2384,1550,806,397,197,67,21,6,3,3,0,0,0,0,0
5,181,1053,2304,2864,2260,1611,832,401,191,63,25,8,2,0,0,0,0,0,0
6,191,1016,2315,2906,2307,1509,855,386,187,76,30,13,1,2,0,0,0,0,0
7,190,1004,2279,2909,2330,1581,855,370,174,72,19,4,5,0,0,1,0,0,0
7,176,1076,2269,2794,2422,1549,834,393,175,74,18,8,3,2,0,0,0,0,0
7,182,1085,2191,2931,2377,1528,824,389,170,67,28,16,4,0,1,0,0,0,0
9,171,1056,2274,2891,2298,1583,837,413,178,57,22,7,2,1,1,0,0,0,0
2,168,1083,2251,2837,2411,1528,862,388,165,69,26,7,3,0,0,0,0,0,0
8,194,1012,2214,2931,2379,1546,858,368,212,53,16,8,1,0,0,0,0,0,0
3,198,1036,2224,2931,2286,1594,856,412,176,54,20,7,3,0,0,0,0,0,0
10,184,1025,2308,2808,2390,1583,833,383,173,61,29,7,2,3,0,0,1,0,0
5,196,1039,2205,2973,2337,1530,833,394,175,74,30,6,2,0,1,0,0,0,0
5,182,1075,2244,2838,2373,1532,872,412,165,57,33,11,1,0,0,0,0,0,0
5,167,1090,2233,2902,2337,1566,779,438,162,80,28,7,4,2,0,0,0,0,0
8,180,1101,2246,2864,2326,1490,888,396,187,72,32,7,2,1,0,0,0,0,0
8,172,1072,2244,2913,2283,1595,828,399,186,69,25,5,1,0,0,0,0,0,0
8,175,1071,2242,2898,2332,1564,839,402,167,66,27,7,2,0,0,0,0,0,0
8,168,1056,2239,2896,2363,1569,851,385,169,57,26,9,4,0,0,0,0,0,0
7,196,1029,2220,2902,2387,1523,897,382,174,57,16,7,2,1,0,0,0,0,0
6,182,1067,2232,2943,2325,1549,802,393,180,75,33,8,2,0,1,1,1,0,0
4,191,1061,2239,2857,2395,1520,857,399,162,75,26,9,4,0,0,0,0,0,1
6,184,1047,2253,2830,2423,1561,836,379,184,64,23,7,1,1,1,0,0,0,0
9,165,1024,2230,2928,2395,1557,848,385,157,65,21,9,5,1,1,0,0,0,0
4,195,1040,2243,2899,2348,1535,879,382,169,56,34,11,3,1,1,0,0,0,0
7,199,1065,2186,2909,2349,1557,839,401,188,58,30,5,7,0,0,0,0,0,0
8,178,1023,2277,2903,2354,1526,838,428,157,69,23,13,1,2,0,0,0,0,0
7,188,1113,2215,2783,2404,1534,855,428,182,54,23,7,6,0,1,0,0,0,0
6,179,1095,2259,2768,2388,1574,863,395,163,72,26,9,3,0,0,0,0,0,0
7,207,1061,2247,2794,2385,1566,846,414,177,62,17,14,3,0,0,0,0,0,0
4,187,1090,2280,2811,2290,1604,839,422,171,67,23,6,3,2,1,0,0,0,0
9,196,1107,2183,2853,2369,1550,812,432,175,73,32,5,2,0,2,0,0,0,0
7,170,1069,2203,2893,2381,1571,850,392,157,68,26,7,2,3,1,0,0,0,0
3,187,1080,2219,2914,2266,1579,882,398,152,81,26,9,2,1,1,0,0,0,0
10,191,1081,2246,2871,2286,1562,890,380,179,70,22,7,0,3,1,1,0,0,0
10,179,1082,2243,2848,2372,1513,870,416,158,68,25,12,2,1,1,0,0,0,0
7,180,1131,2174,2833,2379,1572,847,408,171,72,19,5,2,0,0,0,0,0,0
7,172,1071,2262,2844,2363,1513,892,427,151,65,24,8,0,0,1,0,0,0,0
6,163,1110,2197,2946,2282,1519,897,391,179,65,31,6,5,1,1,0,1,0,0
3,198,1052,2237,2854,2421,1512,847,415,164,59,23,9,4,2,0,0,0,0,0
6,193,1050,2233,2857,2372,1569,830,431,162,65,17,10,4,1,0,0,0,0,0
8,193,1061,2252,2831,2397,1514,882,385,174,66,26,9,1,0,1,0,0,0,0
7,196,1059,2305,2823,2327,1565,834,393,170,76,28,9,5,2,0,1,0,0,0
7,188,1089,2184,2838,2404,1581,841,416,155,63,25,5,3,1,0,0,0,0,0
4,166,1049,2307,2816,2416,1547,826,395,155,83,24,6,4,2,0,0,0,0,0
10,180,1090,2189,2899,2365,1577,812,388,170,76,29,12,1,2,0,0,0,0,0
6,195,1065,2252,2823,2387,1559,843,394,159,81,24,7,3,2,0,0,0,0,0
4,188,1042,2185,2957,2335,1581,835,415,164,58,22,7,4,3,0,0,0,0,0
8,195,1064,2260,2855,2345,1531,853,394,172,83,28,10,2,0,0,0,0,0,0
8,197,1017,2265,2847,2370,1621,836,368,178,66,18,6,2,1,0,0,0,0,0
8,170,1075,2210,2880,2389,1522,884,400,160,64,25,10,0,3,0,0,0,0,0
5,179,1075,2229,2848,2351,1599,859,403,150,72,24,4,1,1,0,0,0,0,0
5,193,1033,2244,2883,2372,1585,812,395,178,63,21,10,4,0,2,0,0,0,0
6,166,1053,2252,2856,2391,1570,855,383,167,65,25,6,2,3,0,0,0,0,0
8,206,1034,2242,2878,2343,1558,860,393,167,68,34,5,2,1,0,1,0,0,0
6,167,1078,2251,2815,2389,1580,856,404,160,63,25,3,2,1,0,0,0,0,0
3,231,1022,2224,2924,2304,1518,861,429,196,56,21,10,1,0,0,0,0,0,0
9,184,1046,2267,2812,2419,1550,850,378,179,73,26,5,1,1,0,0,0,0,0
4,150,1049,2359,2781,2363,1613,844,372,163,63,29,9,1,0,0,0,0,0,0
11,185,1072,2192,2871,2391,1622,805,390,161,61,31,6,1,0,1,0,0,0,0
5,187,1094,2182,2899,2355,1574,796,426,177,63,26,16,0,0,0,0,0,0,0
6,203,1023,2249,2895,2344,1548,839,416,180,64,23,5,3,1,1,0,0,0,0
3,170,1039,2246,2932,2358,1543,823,405,183,59,25,10,2,2,0,0,0,0,0
7,200,1100,2204,2848,2319,1521,922,383,195,63,26,6,5,0,1,0,0,0,0
6,189,1027,2297,2890,2321,1516,869,404,177,69,20,10,4,0,1,0,0,0,0
7,172,1118,2258,2810,2330,1523,870,427,172,71,29,10,2,1,0,0,0,0,0
5,185,1084,2211,2892,2349,1542,855,388,189,68,17,8,5,1,1,0,0,0,0
4,192,1126,2178,2877,2343,1521,845,424,187,65,28,9,1,0,0,0,0,0,0
5,172,1134,2228,2881,2289,1569,796,405,210,63,28,13,4,1,2,0,0,0,0
5,191,1045,2295,2806,2395,1538,851,387,177,73,18,13,3,1,1,1,0,0,0
3,198,1035,2220,2904,2376,1576,810,403,179,66,18,9,2,1,0,0,0,0,0
7,186,1052,2207,2895,2402,1535,852,396,160,70,21,13,3,1,0,0,0,0,0
4,189,1086,2200,2902,2388,1519,797,406,186,81,28,8,6,0,0,0,0,0,0
5,183,1110,2207,2818,2385,1526,876,427,156,68,28,9,1,1,0,0,0,0,0
6,216,1074,2185,2809,2428,1538,889,370,183,55,29,11,2,3,2,0,0,0,0
5,186,1038,2296,2850,2342,1567,818,407,193,57,29,10,0,1,1,0,0,0,0
10,193,1066,2219,2892,2282,1609,861,390,172,68,25,8,3,1,0,0,1,0,0
5,188,1065,2238,2906,2320,1534,850,401,177,72,31,10,1,1,1,0,0,0,0
6,171,1079,2228,2865,2399,1515,855,392,191,57,28,13,1,0,0,0,0,0,0
6,172,1078,2237,2900,2313,1591,838,376,183,63,32,5,5,1,0,0,0,0,0
5,152,1072,2244,2894,2346,1580,879,362,166,60,22,14,0,2,0,1,0,1,0
6,189,1092,2234,2857,2331,1523,868,419,170,74,20,12,2,2,0,1,0,0,0
6,175,1070,2242,2918,2300,1557,859,387,186,69,20,5,5,1,0,0,0,0,0
5,201,1045,2278,2855,2330,1589,820,405,181,59,16,9,4,1,1,0,1,0,0
4,185,1057,2270,2784,2437,1575,818,403,160,74,18,11,4,0,0,0,0,0,0
10,174,1063,2247,2890,2380,1534,796,423,175,67,30,6,3,0,1,1,0,0,0
5,194,1064,2197,2857,2385,1595,838,386,188,61,21,4,4,0,0,1,0,0,0
6,199,980,2245,2911,2409,1537,850,408,168,59,21,3,1,3,0,0,0,0,0
11,195,1043,2276,2836,2343,1583,854,391,164,66,21,10,6,0,1,0,0,0,0
9,181,1036,2330,2760,2404,1509,894,428,157,64,18,6,3,1,0,0,0,0,0
7,170,1095,2239,2853,2308,1617,821,422,167,61,28,11,1,0,0,0,0,0,0
6,186,1036,2239,2865,2353,1624,835,403,169,54,21,5,4,0,0,0,0,0,0
7,159,1039,2223,2913,2397,1634,801,388,152,56,21,3,5,2,0,0,0,0,0
6,169,1082,2244,2823,2414,1597,799,402,154,65,31,9,4,0,1,0,0,0,0
8,182,1050,2238,2952,2319,1510,838,416,184,61,28,9,4,1,0,0,0,0,0
5,151,1079,2301,2833,2347,1573,861,380,159,64,27,13,5,1,0,0,1,0,0
11,169,1075,2256,2872,2313,1627,800,381,193,74,16,10,2,1,0,0,0,0,0
5,160,1075,2223,2845,2419,1567,828,405,172,61,27,10,2,1,0,0,0,0,0
9,185,1062,2208,2904,2361,1559,818,407,181,69,24,11,2,0,0,0,0,0,0
7,147,1075,2297,2798,2368,1591,886,376,162,57,24,7,4,1,0,0,0,0,0
3,159,1046,2368,2915,2250,1529,813,428,177,65,34,6,5,1,1,0,0,0,0
9,206,1025,2222,2901,2327,1574,850,423,158,77,22,4,1,0,0,1,0,0,0
5,190,1091,2194,2858,2364,1592,840,397,168,59,27,9,5,0,1,0,0,0,0
9,186,1044,2228,2868,2400,1567,844,375,176,58,29,11,4,1,0,0,0,0,0
6,172,1052,2238,2886,2405,1513,855,435,149,54,24,7,2,1,1,0,0,0,0
5,183,1072,2275,2833,2301,1570,877,418,174,60,23,5,2,1,1,0,0,0,0
4,183,1035,2208,2957,2345,1577,811,426,159,54,23,11,4,3,0,0,0,0,0
4,170,1047,2245,2898,2358,1577,834,414,166,55,18,10,2,1,1,0,0,0,0
6,179,1072,2211,2904,2351,1554,844,401,160,70,33,13,1,1,0,0,0,0,0
7,190,1045,2289,2839,2319,1603,804,423,195,59,19,6,1,1,0,0,0,0,0
10,198,1086,2204,2883,2316,1568,825,407,181,82,27,9,3,1,0,0,0,0,0
9,149,1034,2264,2904,2389,1608,796,370,162,73,28,11,1,2,0,0,0,0,0
9,171,1097,2164,2941,2322,1580,859,392,167,63,22,8,3,2,0,0,0,0,0
3,171,1041,2267,2915,2363,1528,831,407,173,71,23,5,1,1,0,0,0,0,0
7,182,1022,2235,2932,2367,1530,871,373,181,65,27,5,1,1,1,0,0,0,0
4,199,1041,2226,2929,2347,1527,816,445,150,78,26,10,2,0,0,0,0,0,0
8,169,1087,2267,2823,2393,1516,851,402,183,63,24,9,3,1,1,0,0,0,0
9,190,1081,2243,2865,2321,1547,843,417,181,72,18,10,2,0,1,0,0,0,0
7,187,1095,2278,2832,2278,1538,847,439,188,73,25,11,2,0,0,0,0,0,0
5,201,1073,2239,2866,2315,1561,860,382,188,71,27,5,5,0,1,1,0,0,0
6,209,1085,2246,2832,2296,1533,890,404,172,82,30,8,5,2,0,0,0,0,0
6,170,1080,2249,2919,2305,1513,863,436,161,62,22,10,4,0,0,0,0,0,0
4,200,1027,2235,2875,2417,1536,805,425,176,72,18,7,2,1,0,0,0,0,0
9,189,1060,2283,2810,2395,1511,857,391,185,74,25,7,1,1,0,1,1,0,0
5,185,1081,2208,2841,2380,1581,871,390,158,65,20,10,5,0,0,0,0,0,0
9,159,1045,2292,2850,2363,1544,872,395,170,65,24,8,2,2,0,0,0,0,0
6,210,1033,2209,2858,2381,1600,855,381,179,58,20,7,2,1,0,0,0,0,0
9,178,1078,2192,2861,2430,1585,815,395,156,63,30,6,2,0,0,0,0,0,0
4,185,1062,2221,2887,2350,1589,827,408,159,73,19,9,4,3,0,0,0,0,0
6,154,1042,2238,2897,2388,1582,849,406,148,58,23,3,2,2,1,1,0,0,0
6,144,1057,2244,2904,2444,1487,845,377,182,75,27,6,1,0,0,1,0,0,0
6,169,1040,2297,2909,2295,1598,806,380,188,73,21,9,7,1,1,0,0,0,0
8,173,1119,2193,2864,2369,1529,846,412,172,79,20,11,4,0,1,0,0,0,0
4,158,1063,2245,2866,2425,1564,810,400,152,71,34,6,1,1,0,0,0,0,0
7,177,1063,2214,2874,2388,1565,855,387,174,66,19,5,4,1,1,0,0,0,0
9,199,1030,2198,2893,2408,1567,855,365,175,56,30,10,4,1,0,0,0,0,0
10,197,1076,2223,2815,2442,1480,866,407,178,61,32,10,1,2,0,0,0,0,0
4,182,1049,2314,2886,2285,1564,813,389,180,83,32,14,4,1,0,0,0,0,0
8,208,1010,2247,2865,2384,1559,848,395,167,73,28,4,1,3,0,0,0,0,0
8,192,1081,2261,2785,2379,1572,832,407,173,73,27,5,5,0,0,0,0,0,0
5,183,1085,2198,2874,2379,1564,845,380,172,83,24,7,1,0,0,0,0,0,0
5,201,1050,2195,2902,2342,1630,825,386,160,71,27,5,1,0,0,0,0,0,0
5,196,1101,2163,2888,2379,1549,845,394,174,71,21,10,1,2,1,0,0,0,0
3,188,1109,2210,2916,2254,1576,879,384,178,70,17,13,2,1,0,0,0,0,0
7,169,1073,2283,2895,2257,1619,827,366,185,69,35,13,2,0,0,0,0,0,0
4,182,1110,2219,2879,2306,1583,810,419,188,68,20,10,1,1,0,0,0,0,0
7,195,1076,2243,2842,2338,1594,818,406,154,85,28,9,4,0,1,0,0,0,0
11,188,1088,2183,2855,2388,1569,860,371,195,61,17,4,6,2,2,0,0,0,0
3,168,1047,2282,2879,2328,1591,829,396,181,64,20,4,8,0,0,0,0,0,0
5,168,1050,2287,2836,2392,1543,845,401,184,61,19,5,4,0,0,0,0,0,0
6,189,1075,2219,2856,2407,1523,819,420,181,66,31,4,3,1,0,0,0,0,0
4,179,1090,2254,2827,2353,1536,879,394,191,58,22,9,3,0,0,1,0,0,0
11,172,1075,2237,2851,2379,1576,804,414,175,72,21,12,1,0,0,0,0,0,0
2,183,1072,2252,2862,2317,1615,842,395,163,60,24,10,1,2,0,0,0,0,0
6,182,1044,2294,2769,2381,1610,863,382,180,63,15,6,4,1,0,0,0,0,0
7,193,1045,2198,2926,2359,1559,825,431,152,65,26,8,4,0,2,0,0,0,0
7,176,1066,2223,2890,2321,1621,854,384,155,66,25,7,4,0,1,0,0,0,0
5,168,1069,2216,2917,2414,1473,862,389,182,66,25,11,0,2,1,0,0,0,0
9,157,1040,2255,2875,2399,1575,853,391,155,63,15,8,4,1,0,0,0,0,0
11,189,1070,2227,2887,2328,1577,831,395,162,83,32,7,1,0,0,0,0,0,0
7,182,1032,2305,2880,2377,1471,842,408,182,68,24,10,10,2,0,0,0,0,0
6,187,1032,2244,2862,2421,1527,855,401,170,55,23,13,3,1,0,0,0,0,0
7,181,1032,2263,2879,2380,1546,843,390,163,81,22,11,1,1,0,0,0,0,0
10,181,1069,2249,2852,2356,1540,844,423,178,60,26,9,2,1,0,0,0,0,0
9,175,1021,2299,2829,2388,1527,885,414,170,58,15,9,1,0,0,0,0,0,0
4,164,1042,2315,2796,2446,1525,836,402,172,65,18,10,5,0,0,0,0,0,0
7,173,1026,2251,2937,2347,1555,846,390,160,65,27,9,4,2,1,0,0,0,0
4,181,1119,2223,2777,2419,1541,847,404,176,73,17,10,3,4,1,1,0,0,0
6,184,1075,2234,2852,2381,1572,807,410,172,65,23,11,5,2,1,0,0,0,0
7,192,1087,2251,2819,2340,1578,847,391,185,70,20,11,2,0,0,0,0,0,0
6,211,1099,2175,2844,2347,1546,908,391,174,61,25,10,2,1,0,0,0,0,0
9,169,1084,2243,2815,2414,1542,882,378,161,62,27,10,3,1,0,0,0,0,0
9,173,1081,2223,2811,2386,1638,814,418,162,61,16,6,1,1,0,0,0,0,0
5,192,1056,2268,2801,2405,1577,826,380,175,75,28,9,2,1,0,0,0,0,0
12,187,1035,2299,2836,2327,1574,882,368,172,69,28,8,3,0,0,0,0,0,0
6,164,1067,2221,2961,2327,1538,837,398,174,69,19,16,3,0,0,0,0,0,0
6,180,1094,2271,2770,2430,1521,828,421,158,75,28,14,2,1,0,1,0,0,0
7,185,1068,2315,2797,2353,1550,831,416,157,73,26,15,7,0,0,0,0,0,0
6,168,1104,2256,2878,2306,1497,907,378,189,76,24,7,3,0,1,0,0,0,0
8,179,1058,2270,2880,2352,1484,905,388,181,65,21,6,2,0,1,0,0,0,0
8,188,1052,2324,2791,2350,1574,821,400,174,75,31,9,3,0,0,0,0,0,0
3,170,1052,2227,2924,2377,1532,864,392,145,70,27,9,7,0,0,1,0,0,0
7,197,1045,2290,2808,2332,1555,914,380,156,66,34,10,5,1,0,0,0,0,0
6,185,1069,2210,2879,2336,1577,854,408,187,58,27,3,1,0,0,0,0,0,0
4,175,1060,2266,2820,2365,1620,857,369,158,67,29,5,2,3,0,0,0,0,0
7,184,1060,2218,2892,2378,1525,854,404,165,80,23,8,2,0,0,0,0,0,0
4,181,1058,2212,2890,2406,1558,849,382,156,65,23,8,5,3,0,0,0,0,0
4,192,1053,2213,2931,2342,1572,851,367,157,69,31,7,8,3,0,0,0,0,0
3,190,1055,2226,2880,2368,1611,784,421,161,60,32,4,5,0,0,0,0,0,0
4,197,1109,2139,2853,2459,1533,832,378,188,71,24,8,4,1,0,0,0,0,0
5,181,1045,2234,2879,2428,1525,789,418,183,62,35,10,6,0,0,0,0,0,0
4,171,1068,2243,2851,2397,1566,818,407,168,70,22,9,4,1,1,0,0,0,0
11,173,1090,2246,2835,2338,1567,865,396,182,52,29,10,4,1,1,0,0,0,0
5,191,1025,2270,2861,2372,1559,846,398,165,70,17,19,2,0,0,0,0,0,0
5,165,1092,2180,2969,2343,1534,800,438,181,58,21,3,5,6,0,0,0,0,0
9,183,1101,2172,2871,2368,1580,820,415,173,70,22,10,2,2,2,0,0,0,0
4,158,1108,2239,2865,2358,1561,810,421,163,78,25,7,1,2,0,0,0,0,0
7,172,1095,2236,2913,2247,1573,860,415,178,72,21,7,4,0,0,0,0,0,0
13,203,1017,2270,2850,2330,1609,845,406,156,63,24,10,3,0,0,1,0,0,0
7,181,1041,2273,2879,2321,1605,822,389,177,66,27,10,1,0,0,1,0,0,0
9,155,1051,2291,2845,2374,1590,790,422,174,69,21,8,0,1,0,0,0,0,0
4,166,1062,2260,2839,2360,1612,843,397,165,58,22,9,2,1,0,0,0,0,0
8,171,1063,2272,2824,2356,1641,817,374,179,60,23,5,7,0,0,0,0,0,0
9,179,1091,2201,2862,2368,1593,812,404,181,58,26,6,5,3,2,0,0,0,0
3,181,1074,2207,2950,2296,1569,846,388,174,67,34,7,4,0,0,0,0,0,0
6,170,1060,2226,2893,2337,1603,853,413,151,51,21,11,5,0,0,0,0,0,0
8,160,1076,2210,2979,2303,1556,814,406,178,72,30,1,5,1,0,0,0,0,1
6,166,1092,2285,2805,2386,1563,787,427,168,67,31,10,7,0,0,0,0,0,0
4,201,1058,2262,2851,2270,1602,884,393,164,74,25,5,3,4,0,0,0,0,0
7,168,1097,2232,2820,2433,1526,815,434,168,56,21,12,7,3,1,0,0,0,0
5,156,1047,2288,2879,2361,1537,852,409,170,64,21,10,1,0,0,0,0,0,0
3,189,1034,2218,2907,2358,1567,872,388,163,67,22,5,5,1,1,0,0,0,0
3,186,1071,2245,2898,2268,1580,859,414,184,62,23,5,2,0,0,0,0,0,0
8,169,1072,2279,2821,2379,1528,848,429,162,78,16,10,0,1,0,0,0,0,0
9,196,1074,2226,2872,2316,1550,877,387,178,76,25,8,5,0,1,0,0,0,0
6,185,1051,2298,2795,2395,1557,834,406,178,59,30,4,1,1,0,0,0,0,0
3,196,1063,2249,2913,2329,1516,860,367,172,81,33,11,5,2,0,0,0,0,0
7,160,1036,2295,2839,2428,1508,849,431,145,65,24,7,6,0,0,0,0,0,0
7,167,1042,2232,2945,2303,1587,836,420,147,77,22,13,1,1,0,0,0,0,0
5,183,1081,2220,2868,2364,1545,839,408,182,70,26,5,4,0,0,0,0,0,0
8,181,1063,2246,2886,2377,1532,800,432,158,75,28,6,5,1,1,1,0,0,0
7,196,1046,2215,2886,2345,1601,822,426,163,64,21,6,1,1,0,0,0,0,0
7,196,1076,2243,2879,2260,1587,841,419,195,61,29,5,2,0,0,0,0,0,0
8,174,1068,2206,2951,2314,1511,893,376,199,64,24,8,2,1,0,1,0,0,0
8,194,1096,2210,2883,2301,1585,825,410,179,70,26,8,4,1,0,0,0,0,0
5,180,1042,2268,2861,2380,1525,874,380,182,76,21,5,0,1,0,0,0,0,0
5,196,1084,2246,2810,2352,1578,823,429,179,64,22,8,3,1,0,0,0,0,0
9,191,1055,2273,2870,2323,1524,857,412,172,73,23,11,6,1,0,0,0,0,0
9,188,1093,2195,2895,2356,1530,845,402,174,62,30,14,7,0,0,0,0,0,0
9,170,1082,2176,2924,2306,1614,865,385,164,72,26,6,0,1,0,0,0,0,0
4,185,1033,2283,2832,2363,1634,815,376,172,65,23,8,6,1,0,0,0,0,0
11,158,1041,2261,2984,2311,1504,870,368,188,57,24,19,4,0,0,0,0,0,0
8,177,1029,2241,2896,2420,1526,848,396,171,54,20,10,4,0,0,0,0,0,0
10,157,1078,2219,2874,2365,1604,863,366,168,69,20,5,1,1,0,0,0,0,0
5,180,1063,2257,2871,2328,1579,821,419,164,82,20,6,4,1,0,0,0,0,0
8,181,1076,2175,2914,2344,1648,777,420,156,72,20,2,3,3,1,0,0,0,0
8,160,1083,2256,2799,2448,1555,806,405,181,63,23,7,5,1,0,0,0,0,0
7,194,1065,2171,2916,2405,1536,840,405,156,61,28,11,3,2,0,0,0,0,0
7,203,1003,2279,2825,2390,1597,843,401,147,53,35,13,4,0,0,0,0,0,0
8,201,1050,2231,2855,2327,1627,834,387,161,86,23,5,3,1,0,1,0,0,0
9,170,1083,2243,2875,2356,1510,863,430,153,68,24,10,5,1,0,0,0,0,0
6,189,1117,2180,2835,2351,1606,833,432,151,57,28,9,3,0,3,0,0,0,0
6,171,1066,2231,2905,2317,1566,864,410,169,64,23,7,0,1,0,0,0,0,0
7,178,1051,2216,2935,2313,1605,842,384,171,69,19,6,4,0,0,0,0,0,0
3,187,1093,2268,2816,2378,1529,827,420,173,65,28,9,4,0,0,0,0,0,0
7,195,1014,2237,2901,2372,1560,866,377,171,63,27,7,1,0,1,1,0,0,0
8,188,1024,2256,2916,2333,1544,860,400,174,60,25,6,4,2,0,0,0,0,0
11,186,1079,2215,2851,2384,1543,866,403,158,74,19,7,3,1,0,0,0,0,0
5,208,991,2356,2812,2359,1493,893,404,173,74,23,8,1,0,0,0,0,0,0
7,189,1060,2237,2851,2387,1544,859,405,159,62,28,7,4,0,1,0,0,0,0
7,174,1140,2189,2827,2364,1545,874,398,166,69,29,9,7,0,2,0,0,0,0
7,173,1075,2227,2932,2282,1601,818,400,174,72,29,10,0,0,0,0,0,0,0
8,188,1087,2188,2911,2322,1590,818,412,176,67,19,11,3,0,0,0,0,0,0
9,210,1101,2189,2876,2316,1554,824,410,185,90,20,11,5,0,0,0,0,0,0
5,177,1098,2261,2839,2284,1592,861,406,168,62,30,13,3,1,0,0,0,0,0
5,180,1055,2250,2935,2316,1511,845,416,186,69,22,7,2,1,0,0,0,0,0
9,186,997,2295,2920,2358,1512,850,418,154,57,25,10,5,2,2,0,0,0,0
7,193,1042,2254,2918,2294,1609,794,413,163,71,29,6,6,0,1,0,0,0,0
5,190,1090,2270,2777,2394,1521,843,430,181,71,15,5,8,0,0,0,0,0,0
10,175,1084,2268,2838,2279,1634,842,388,187,61,22,7,1,2,1,1,0,0,0
7,201,1071,2231,2817,2347,1586,868,399,172,69,20,8,4,0,0,0,0,0,0
6,200,1063,2231,2863,2363,1506,848,446,167,73,24,3,6,1,0,0,0,0,0
8,200,1090,2228,2851,2287,1582,880,404,177,53,27,8,3,2,0,0,0,0,0
9,155,1066,2266,2874,2392,1535,793,422,173,92,19,2,2,0,0,0,0,0,0
4,182,1021,2237,2980,2298,1575,847,370,175,75,22,7,7,0,0,0,0,0,0
10,186,1075,2243,2824,2339,1622,834,388,177,70,23,9,0,0,0,0,0,0,0
6,177,1055,2213,2959,2313,1569,830,415,157,71,30,4,0,1,0,0,0,0,0
5,176,1060,2329,2761,2389,1572,823,396,185,66,22,11,3,2,0,0,0,0,0
7,200,1074,2266,2805,2311,1598,874,401,167,57,28,5,6,1,0,0,0,0,0
6,183,1044,2167,2929,2493,1521,787,406,146,78,27,7,4,1,1,0,0,0,0
5,158,1073,2205,2907,2332,1657,842,370,163,59,25,3,1,0,0,0,0,0,0
8,188,1056,2203,2914,2338,1589,851,364,171,64,39,10,5,0,0,0,0,0,0
9,192,1062,2237,2919,2276,1592,829,417,156,63,34,8,3,1,2,0,0,0,0
7,182,1094,2280,2754,2387,1552,887,364,182,77,26,6,2,0,0,0,0,0,0
10,158,1053,2251,2887,2391,1565,800,416,171,65,24,5,4,0,0,0,0,0,0
7,162,1119,2270,2756,2422,1518,850,409,181,65,28,8,5,0,0,0,0,0,0
8,195,1035,2255,2886,2326,1526,896,418,169,57,18,7,3,1,0,0,0,0,0
8,169,1033,2286,2875,2355,1555,875,388,153,72,20,10,0,0,1,0,0,0,0
5,177,1099,2259,2789,2390,1557,843,424,158,61,27,6,2,3,0,0,0,0,0
4,171,1057,2229,2930,2345,1539,864,369,185,62,29,12,2,2,0,0,0,0,0
9,196,1008,2275,2891,2343,1549,837,398,191,69,22,11,1,0,0,0,0,0,0
10,184,1062,2197,2929,2378,1517,863,384,169,67,30,6,2,2,0,0,0,0,0
6,188,1096,2213,2857,2347,1536,891,381,185,65,17,16,2,0,0,0,0,0,0
7,168,1052,2296,2862,2320,1557,869,400,159,77,27,4,2,0,0,0,0,0,0
6,188,1037,2316,2788,2373,1545,853,416,171,77,19,9,0,2,0,0,0,0,0
5,177,1048,2214,2918,2402,1535,820,400,168,72,29,10,2,0,0,0,0,0,0
7,184,1042,2255,2925,2334,1527,839,423,153,66,32,11,1,0,1,0,0,0,0
7,190,1037,2231,2888,2359,1609,813,407,173,52,18,12,3,1,0,0,0,0,0
7,178,1060,2272,2866,2346,1571,823,401,172,57,29,10,3,5,0,0,0,0,0
8,182,1078,2157,2998,2336,1517,855,393,181,63,22,8,1,1,0,0,0,0,0
12,178,1034,2277,2883,2321,1586,814,411,174,75,14,16,5,0,0,0,0,0,0
9,163,1047,2276,2821,2437,1537,846,373,177,80,23,7,2,2,0,0,0,0,0
7,166,1081,2238,2878,2355,1541,876,378,166,76,23,9,3,3,0,0,0,0,0
9,184,1091,2240,2846,2318,1590,830,402,173,79,27,8,3,0,0,0,0,0,0
10,164,1073,2229,2941,2318,1548,838,410,161,74,20,12,1,1,0,0,0,0,0
8,186,1082,2216,2864,2318,1626,867,354,170,67,24,9,6,3,0,0,0,0,0
7,182,1028,2292,2842,2379,1509,857,413,179,65,29,11,6,1,0,0,0,0,0
8,168,1060,2215,2880,2467,1481,848,390,191,58,24,7,2,1,0,0,0,0,0
7,195,1022,2245,2940,2327,1545,865,387,169,61,22,13,1,0,1,0,0,0,0
9,185,1093,2216,2863,2330,1547,880,396,166,74,30,7,2,2,0,0,0,0,0
10,199,1073,2156,2918,2392,1529,855,393,178,60,23,11,1,2,0,0,0,0,0
4,180,1069,2236,2887,2358,1560,833,396,157,84,20,11,3,1,1,0,0,0,0
6,188,1112,2205,2887,2302,1555,838,413,183,68,30,9,4,0,0,0,0,0,0
10,173,1083,2251,2846,2329,1589,823,419,174,62,33,8,0,0,0,0,0,0,0
6,216,1050,2252,2820,2339,1578,862,424,147,68,23,7,6,2,0,0,0,0,0
7,194,1074,2224,2871,2377,1553,814,389,166,85,31,10,5,0,0,0,0,0,0
8,160,1055,2245,2900,2329,1622,833,386,158,61,25,11,5,1,1,0,0,0,0
8,206,1007,2249,2928,2361,1477,854,431,179,66,23,6,4,0,1,0,0,0,0
6,186,1051,2239,2911,2312,1547,899,362,174,76,23,10,1,2,1,0,0,0,0
8,177,1067,2216,2894,2365,1547,860,399,164,67,23,7,4,2,0,0,0,0,0
9,169,1108,2230,2894,2312,1532,846,419,173,68,22,13,2,3,0,0,0,0,0
5,166,1036,2315,2842,2335,1569,890,361,174,75,22,7,3,0,0,0,0,0,0
8,198,1070,2235,2866,2346,1516,843,438,183,59,25,10,2,1,0,0,0,0,0
5,171,1063,2266,2881,2332,1575,810,423,161,73,30,6,3,1,0,0,0,0,0
8,172,1016,2265,2977,2354,1512,795,414,180,72,29,4,2,0,0,0,0,0,0
7,196,1090,2237,2847,2314,1528,871,419,168,80,32,6,4,1,0,0,0,0,0
6,198,1011,2304,2808,2422,1538,851,373,185,74,15,10,4,0,1,0,0,0,0
9,177,1032,2224,2882,2398,1584,824,424,150,65,19,6,4,2,0,0,0,0,0
12,187,1057,2202,2860,2415,1552,852,400,172,60,19,10,1,1,0,0,0,0,0
8,178,1070,2238,2829,2331,1643,829,425,155,59,29,6,0,0,0,0,0,0,0
8,175,1110,2186,2877,2359,1570,859,390,173,58,23,10,1,1,0,0,0,0,0
9,186,1093,2194,2839,2354,1611,827,402,185,71,12,14,3,0,0,0,0,0,0
5,182,1027,2202,2998,2307,1601,817,386,166,72,30,5,1,1,0,0,0,0,0
5,174,1053,2278,2822,2344,1576,909,397,170,48,19,3,1,1,0,0,0,0,0
9,184,1039,2277,2872,2321,1549,893,377,173,69,23,8,5,1,0,0,0,0,0
8,167,1134,2233,2842,2273,1565,898,389,182,76,22,10,1,0,0,0,0,0,0
7,200,1064,2255,2827,2332,1569,875,405,156,59,40,6,5,0,0,0,0,0,0
8,199,1068,2219,2840,2321,1612,877,380,164,81,22,5,2,1,0,1,0,0,0
8,163,1061,2273,2878,2331,1551,860,411,176,58,23,3,2,1,1,0,0,0,0
7,154,1068,2223,2937,2390,1512,840,397,170,61,31,6,3,1,0,0,0,0,0
6,185,1101,2189,2845,2443,1483,842,435,166,73,20,10,1,1,0,0,0,0,0
5,197,1063,2222,2878,2357,1556,839,410,171,65,25,11,0,0,1,0,0,0,0
9,192,1070,2215,2840,2413,1522,853,403,183,66,24,8,0,0,2,0,0,0,0
5,164,1050,2268,2882,2378,1524,882,374,186,61,17,5,3,0,1,0,0,0,0
7,200,1075,2248,2875,2294,1526,868,435,175,55,30,6,4,2,0,0,0,0,0
8,169,1061,2276,2855,2338,1579,825,408,175,60,32,7,7,0,0,0,0,0,0
8,170,1047,2228,2898,2383,1564,844,397,143,71,35,9,3,0,0,0,0,0,0
4,187,1033,2272,2844,2357,1595,833,398,167,72,26,10,1,1,0,0,0,0,0
8,190,1078,2244,2902,2240,1576,860,418,194,48,27,13,1,1,0,0,0,0,0
9,186,1076,2215,2828,2415,1569,832,419,153,66,22,7,1,2,0,0,0,0,0
7,186,1013,2275,2847,2445,1482,882,398,148,79,26,11,0,1,0,0,0,0,0
10,177,1056,2224,2863,2450,1535,789,426,163,72,21,10,2,1,0,1,0,0,0
8,171,1065,2210,2877,2405,1570,826,402,169,63,19,11,2,2,0,0,0,0,0
12,171,1075,2279,2875,2293,1554,842,399,190,68,29,11,1,1,0,0,0,0,0
5,168,1072,2258,2881,2340,1534,875,396,153,76,19,15,7,1,0,0,0,0,0
8,173,1074,2253,2820,2430,1504,865,397,180,58,24,9,1,2,1,1,0,0,0
6,165,1057,2293,2933,2269,1532,836,415,181,74,28,8,2,1,0,0,0,0,0
10,181,1000,2288,2880,2386,1527,869,396,169,56,24,9,4,1,0,0,0,0,0
9,191,1068,2233,2773,2451,1576,833,381,180,61,31,10,3,0,0,0,0,0,0
8,193,1108,2198,2827,2352,1615,816,401,179,66,24,6,5,1,1,0,0,0,0
11,187,1107,2272,2745,2352,1593,833,406,183,66,30,10,5,0,0,0,0,0,0
6,197,1029,2276,2820,2355,1616,852,384,168,61,23,9,3,0,1,0,0,0,0
7,195,1078,2237,2860,2321,1561,864,370,196,76,20,10,3,2,0,0,0,0,0
8,166,1090,2190,2985,2310,1541,824,398,179,70,22,11,4,1,1,0,0,0,0
8,173,1103,2246,2828,2365,1509,864,418,183,77,18,4,2,1,1,0,0,0,0
10,176,1061,2219,2863,2421,1548,838,403,150,69,32,6,4,0,0,0,0,0,0
8,195,1057,2265,2842,2354,1561,855,394,146,78,29,10,5,1,0,0,0,0,0
8,203,1055,2278,2850,2309,1537,880,412,166,68,19,7,5,2,0,1,0,0,0
10,178,1054,2242,2930,2302,1563,817,444,173,55,21,9,1,1,0,0,0,0,0
10,186,1096,2255,2815,2333,1563,846,403,187,64,24,9,8,1,0,0,0,0,0
11,182,1086,2235,2781,2408,1599,828,416,154,59,30,10,0,0,0,0,1,0,0
8,156,1056,2304,2868,2343,1547,836,410,160,74,26,10,1,0,1,0,0,0,0
6,182,1095,2213,2825,2369,1607,853,376,162,75,22,9,4,2,0,0,0,0,0
6,185,1043,2193,2917,2393,1549,833,423,160,66,19,8,3,0,2,0,0,0,0
3,185,1042,2232,2884,2400,1556,858,369,165,72,22,8,3,1,0,0,0,0,0
7,166,1069,2276,2846,2376,1522,850,407,176,73,17,8,4,1,2,0,0,0,0
8,182,1069,2266,2811,2417,1544,848,390,154,65,28,13,2,3,0,0,0,0,0
7,170,1092,2248,2893,2333,1507,842,405,187,76,31,7,1,0,1,0,0,0,0
10,193,1068,2281,2784,2375,1530,862,434,165,59,26,7,5,1,0,0,0,0,0
10,176,1079,2255,2888,2303,1519,869,423,165,75,27,9,2,0,0,0,0,0,0
7,190,1035,2277,2866,2340,1569,834,382,189,68,30,12,1,0,0,0,0,0,0
14,179,1039,2143,2929,2471,1541,847,380,169,53,25,6,2,2,0,0,0,0,0
9,177,1054,2237,2884,2360,1577,835,394,167,62,33,7,3,0,1,0,0,0,0
8,178,1061,2235,2873,2330,1596,854,424,148,59,23,7,4,0,0,0,0,0,0
7,195,1039,2302,2795,2406,1547,841,386,176,67,22,13,2,2,0,0,0,0,0
8,183,1063,2310,2826,2299,1548,878,383,194,70,21,13,2,2,0,0,0,0,0
6,181,1059,2296,2848,2310,1559,844,416,174,74,21,7,4,1,0,0,0,0,0
7,176,1010,2379,2793,2377,1493,877,403,173,79,23,6,3,1,0,0,0,0,0
6,176,1066,2278,2833,2370,1549,834,404,183,61,24,11,3,2,0,0,0,0,0
10,183,1029,2309,2815,2348,1614,827,381,186,60,28,5,3,1,1,0,0,0,0
7,163,1064,2286,2868,2333,1559,867,367,181,63,27,8,7,0,0,0,0,0,0
10,185,1079,2270,2873,2264,1566,874,389,180,69,25,9,5,1,1,0,0,0,0
10,180,1066,2234,2891,2354,1554,851,384,169,74,20,9,1,3,0,0,0,0,0
7,188,1027,2243,2893,2411,1541,834,376,156,84,26,10,1,3,0,0,0,0,0
8,176,1093,2240,2836,2362,1550,852,419,155,65,27,11,5,1,0,0,0,0,0
7,195,1037,2193,2915,2424,1529,836,403,159,62,22,14,4,0,0,0,0,0,0
10,176,1067,2229,2867,2330,1610,859,397,152,70,24,7,2,0,0,0,0,0,0
6,191,1070,2270,2768,2381,1592,842,410,172,58,29,9,1,1,0,0,0,0,0
7,173,1068,2209,2876,2393,1604,808,397,165,64,27,4,3,2,0,0,0,0,0
8,178,1063,2274,2869,2289,1540,904,389,172,79,24,8,3,0,0,0,0,0,0
9,176,1131,2165,2866,2383,1548,826,416,173,73,21,7,5,0,1,0,0,0,0
6,167,1081,2152,2929,2435,1531,832,387,195,57,15,10,3,0,0,0,0,0,0
7,185,1030,2257,2849,2398,1580,853,401,143,59,25,9,3,1,0,0,0,0,0
14,196,1101,2186,2827,2354,1607,866,386,161,68,26,5,1,1,1,0,0,0,0
4,177,1101,2243,2909,2289,1527,848,427,169,72,18,10,3,2,0,1,0,0,0
7,192,1028,2245,2923,2337,1536,833,409,180,68,27,7,6,0,1,1,0,0,0
4,163,1077,2317,2831,2310,1552,892,390,150,71,22,14,6,0,0,1,0,0,0
8,179,1091,2176,2919,2374,1555,813,417,165,62,28,9,2,1,1,0,0,0,0
10,180,1087,2194,2847,2443,1554,803,374,208,59,31,9,0,1,0,0,0,0,0
4,164,1029,2321,2880,2292,1569,873,398,178,69,21,2,0,0,0,0,0,0,0
7,178,1082,2261,2816,2342,1611,848,383,164,63,26,15,1,2,1,0,0,0,0
5,171,1076,2233,2934,2248,1587,837,437,182,57,19,10,4,0,0,0,0,0,0
7,171,1062,2222,2928,2364,1520,845,406,183,50,27,8,6,1,0,0,0,0,0
5,188,1093,2270,2832,2283,1588,863,405,156,77,26,10,2,2,0,0,0,0,0
6,163,1065,2233,2920,2337,1577,821,392,172,76,22,11,4,1,0,0,0,0,0
12,164,1043,2213,2917,2361,1626,821,384,161,67,18,9,2,2,0,0,0,0,0
6,173,1031,2287,2886,2362,1563,831,375,186,65,20,11,3,1,0,0,0,0,0
10,190,1030,2245,2867,2419,1529,838,397,174,65,25,7,3,1,0,0,0,0,0
9,179,1068,2263,2822,2337,1587,868,400,158,78,25,4,1,1,0,0,0,0,0
7,202,1020,2237,2915,2338,1559,875,366,183,57,29,5,6,1,0,0,0,0,0
6,167,1064,2294,2904,2274,1569,842,381,178,75,30,11,4,1,0,0,0,0,0
8,167,1069,2257,2879,2360,1544,837,382,183,64,32,12,5,1,0,0,0,0,0
7,197,1053,2234,2917,2314,1579,823,379,183,64,31,10,6,2,1,0,0,0,0
10,182,1028,2276,2903,2362,1489,863,392,195,60,23,8,6,2,1,0,0,0,0
6,193,1090,2264,2804,2349,1523,859,422,180,80,21,5,3,0,0,0,0,0,1
12,166,1043,2248,2868,2374,1547,874,409,165,57,29,4,4,0,0,0,0,0,0
5,181,1052,2254,2852,2403,1542,812,429,171,65,21,7,3,0,1,1,1,0,0
12,199,1030,2215,2883,2402,1541,845,400,174,70,21,4,2,1,0,1,0,0,0
6,166,1067,2208,2925,2373,1552,842,403,166,61,23,3,3,1,0,1,0,0,0
9,170,1087,2246,2895,2257,1624,800,411,193,77,19,7,4,0,1,0,0,0,0
9,215,1099,2184,2841,2383,1516,871,406,178,56,27,9,5,0,0,0,0,1,0
9,199,1031,2215,2901,2400,1539,842,381,174,76,22,7,3,0,0,1,0,0,0
8,148,1024,2274,2958,2303,1588,815,420,169,63,15,11,3,1,0,0,0,0,0
5,168,1086,2219,2890,2344,1575,847,400,159,71,27,5,4,0,0,0,0,0,0
7,172,1116,2183,2941,2313,1503,869,412,185,62,28,7,1,1,0,0,0,0,0
6,185,1065,2268,2883,2333,1509,835,407,192,78,27,6,4,2,0,0,0,0,0
9,170,1056,2309,2878,2346,1490,850,402,180,73,26,6,4,1,0,0,0,0,0
9,182,1048,2232,2906,2352,1539,883,362,170,79,27,10,1,0,0,0,0,0,0
11,175,1068,2294,2905,2213,1623,818,399,184,68,28,10,3,1,0,0,0,0,0
8,153,1103,2244,2908,2279,1595,790,426,181,72,30,9,1,0,0,1,0,0,0
11,169,1061,2210,2947,2325,1552,848,426,149,58,30,10,2,1,0,1,0,0,0
13,189,1059,2193,2874,2424,1524,850,417,152,65,27,9,3,1,0,0,0,0,0
9,184,1033,2230,2942,2303,1586,825,415,175,61,28,7,2,0,0,0,0,0,0
5,177,1056,2259,2788,2458,1565,829,386,172,67,29,4,5,0,0,0,0,0,0
8,175,1113,2249,2782,2399,1512,896,386,179,66,23,9,1,2,0,0,0,0,0
5,203,1076,2204,2867,2380,1531,848,402,172,71,27,10,2,2,0,0,0,0,0
10,167,1067,2234,2876,2352,1615,811,410,164,58,21,9,4,1,1,0,0,0,0
10,189,1041,2278,2835,2345,1560,878,396,165,65,22,7,6,2,1,0,0,0,0
10,177,1059,2166,2949,2396,1571,797,413,153,69,30,8,2,0,0,0,0,0,0
5,182,1109,2194,2864,2376,1563,819,395,170,84,31,6,2,0,0,0,0,0,0
10,202,1076,2187,2849,2369,1575,875,382,167,71,23,8,5,1,0,0,0,0,0
9,173,1042,2255,2937,2292,1554,836,419,188,53,27,14,1,0,0,0,0,0,0
7,212,1036,2190,2909,2419,1479,866,419,167,64,19,9,4,0,0,0,0,0,0
8,154,1065,2267,2935,2322,1498,882,383,173,70,29,7,3,2,2,0,0,0,0
7,200,1083,2194,2885,2343,1556,838,402,177,80,25,6,2,1,1,0,0,0,0
6,175,1076,2278,2871,2318,1548,839,400,174,70,30,11,2,1,1,0,0,0,0
7,142,1076,2231,2948,2322,1545,871,386,177,66,13,12,3,1,0,0,0,0,0
6,168,1027,2263,2872,2403,1583,829,391,158,69,21,6,3,1,0,0,0,0,0
10,204,1017,2247,2880,2363,1580,815,418,175,54,24,9,3,0,0,1,0,0,0
4,182,1103,2210,2850,2413,1499,860,397,166,72,32,10,1,0,1,0,0,0,0
8,150,1098,2229,2841,2417,1553,833,399,156,73,29,10,3,0,1,0,0,0,0
5,168,1009,2276,2908,2417,1563,780,404,155,66,30,16,2,0,1,0,0,0,0
9,173,1063,2258,2895,2329,1535,843,409,181,69,26,9,1,0,0,0,0,0,0
9,188,1081,2192,2873,2312,1613,899,390,148,65,13,13,3,0,0,1,0,0,0
9,183,1048,2235,2923,2377,1505,789,461,170,59,29,6,4,2,0,0,0,0,0
6,196,1062,2218,2860,2352,1558,877,402,158,83,18,7,3,0,0,0,0,0,0
10,195,1035,2244,2921,2323,1561,824,377,200,68,30,7,4,1,0,0,0,0,0
8,188,1028,2278,2894,2332,1529,875,397,157,69,29,10,2,2,1,1,0,0,0
5,189,1037,2191,2979,2296,1617,819,410,159,56,31,5,3,2,1,0,0,0,0
13,186,1011,2314,2868,2313,1543,883,394,172,72,21,3,4,3,0,0,0,0,0
8,187,1062,2182,2889,2390,1590,849,354,169,72,36,11,0,0,1,0,0,0,0
8,176,1068,2309,2799,2377,1523,852,406,176,66,27,9,4,0,0,0,0,0,0
5,167,1096,2243,2857,2345,1559,835,415,177,68,19,10,3,1,0,0,0,0,0
10,171,1067,2270,2832,2357,1551,843,438,166,55,28,8,1,2,0,1,0,0,0
3,186,1088,2248,2801,2357,1580,869,386,167,73,30,8,4,0,0,0,0,0,0
6,179,1099,2260,2866,2294,1538,852,396,183,86,30,8,2,1,0,0,0,0,0
4,195,1034,2237,2932,2387,1484,801,434,178,75,28,10,1,0,0,0,0,0,0
7,190,1048,2262,2874,2393,1480,845,408,160,83,36,9,3,2,0,0,0,0,0
5,202,1072,2221,2870,2384,1490,853,423,170,65,32,9,3,1,0,0,0,0,0
12,175,1082,2192,2892,2387,1578,791,426,158,66,29,8,3,1,0,0,0,0,0
5,162,1135,2238,2813,2335,1572,845,415,172,69,21,15,2,1,0,0,0,0,0
5,187,1092,2266,2776,2408,1526,829,423,193,65,23,6,1,0,0,0,0,0,0
7,175,1056,2233,2945,2348,1520,847,377,197,58,26,8,3,0,0,0,0,0,0
7,178,1041,2307,2766,2433,1537,872,364,195,66,24,8,2,0,0,0,0,0,0
10,169,1076,2177,2928,2356,1587,820,397,169,78,23,7,3,0,0,0,0,0,0
3,175,1061,2224,2876,2385,1541,875,390,174,58,27,10,1,0,0,0,0,0,0
11,162,1055,2291,2914,2286,1532,851,429,177,63,20,5,4,0,0,0,0,0,0
4,184,1088,2210,2845,2390,1552,859,385,193,52,31,6,1,0,0,0,0,0,0
8,174,1118,2197,2843,2346,1590,846,405,187,57,23,5,0,0,0,1,0,0,0
7,186,1067,2239,2821,2400,1590,807,419,170,63,19,10,2,0,0,0,0,0,0
7,191,1059,2182,2889,2401,1577,818,401,178,49,32,11,4,1,0,0,0,0,0
13,185,1062,2252,2893,2325,1520,822,430,191,70,21,12,3,0,0,1,0,0,0
8,191,1060,2234,2901,2352,1516,877,395,165,48,30,13,8,2,0,0,0,0,0
7,197,1053,2263,2845,2317,1606,852,389,159,75,20,15,2,0,0,0,0,0,0
6,190,1056,2229,2853,2372,1569,860,397,173,68,21,3,2,1,0,0,0,0,0
4,186,1068,2210,2925,2351,1531,836,397,186,70,22,7,3,1,3,0,0,0,0
10,176,1041,2248,2904,2365,1515,864,408,178,56,21,6,4,4,0,0,0,0,0
5,170,1076,2232,2916,2349,1540,835,394,169,67,33,9,4,0,1,0,0,0,0
10,167,1084,2224,2872,2333,1619,836,392,154,68,33,6,0,0,2,0,0,0,0
5,191,1057,2215,2888,2379,1561,841,411,156,58,27,9,2,0,0,0,0,0,0
10,192,1055,2182,2946,2327,1564,867,385,164,72,24,10,2,0,0,0,0,0,0
5,196,1022,2218,2878,2428,1550,846,410,146,65,23,7,3,3,0,0,0,0,0
7,188,1021,2282,2921,2320,1480,886,418,182,59,23,10,3,0,0,0,0,0,0
6,173,1056,2278,2818,2403,1545,853,410,162,68,19,6,3,0,0,0,0,0,0
8,191,1059,2215,2881,2317,1662,827,377,153,66,27,11,3,2,0,1,0,0,0
9,181,1058,2246,2858,2338,1563,879,414,151,71,19,3,7,3,0,0,0,0,0
9,188,1041,2263,2825,2359,1594,856,404,161,67,24,7,1,0,1,0,0,0,0
5,167,1063,2263,2856,2388,1546,846,389,178,57,27,12,3,0,0,0,0,0,0
7,174,1075,2209,2950,2321,1529,831,437,167,65,24,9,2,0,0,0,0,0,0
7,178,1025,2277,2851,2414,1557,829,377,186,57,28,10,3,0,1,0,0,0,0
8,183,1032,2277,2903,2328,1514,893,408,158,59,23,10,4,0,0,0,0,0,0
4,172,1054,2178,2974,2347,1615,815,379,160,65,30,5,1,0,0,1,0,0,0
5,189,1028,2274,2848,2375,1558,857,402,159,66,30,5,2,0,1,1,0,0,0
10,173,1044,2275,2896,2356,1574,751,437,182,64,23,8,5,1,1,0,0,0,0
9,212,1050,2171,2830,2464,1573,813,404,171,67,26,5,4,1,0,0,0,0,0
7,198,1066,2174,2928,2343,1532,875,411,174,55,29,5,3,0,0,0,0,0,0
10,165,1084,2240,2890,2323,1577,816,400,172,84,23,11,4,1,0,0,0,0,0
5,189,1074,2195,2906,2370,1516,881,396,157,70,27,6,6,1,1,0,0,0,0
9,174,1092,2272,2828,2308,1545,912,394,163,64,22,11,3,3,0,0,0,0,0
7,185,1046,2279,2908,2289,1550,843,385,193,75,24,11,2,3,0,0,0,0,0
9,183,1085,2203,2850,2398,1576,819,390,191,50,26,16,4,0,0,0,0,0,0
10,165,1064,2225,2863,2398,1549,863,390,184,54,21,12,0,2,0,0,0,0,0
8,188,1032,2277,2881,2360,1502,867,384,200,60,27,7,6,1,0,0,0,0,0
4,176,1034,2255,2932,2296,1615,826,398,160,61,32,7,3,1,0,0,0,0,0
7,188,1072,2230,2873,2324,1573,856,375,189,71,22,15,3,1,0,0,1,0,0
7,179,1042,2232,2898,2399,1521,858,406,165,55,24,5,7,1,1,0,0,0,0
6,191,1094,2213,2795,2390,1634,805,382,187,60,25,10,6,2,0,0,0,0,0
10,182,1092,2255,2789,2379,1545,852,406,181,75,27,5,0,2,0,0,0,0,0
4,198,1020,2278,2875,2304,1589,877,390,175,54,25,8,3,0,0,0,0,0,0
9,173,1112,2185,2826,2386,1617,859,359,164,76,20,10,3,1,0,0,0,0,0
9,179,1075,2244,2800,2356,1618,857,396,166,71,18,8,3,0,0,0,0,0,0
3,165,1066,2276,2889,2321,1526,884,420,163,59,18,4,5,1,0,0,0,0,0
5,178,1046,2166,2964,2397,1553,840,382,166,66,23,11,2,1,0,0,0,0,0
8,175,1043,2249,2921,2333,1521,899,407,160,49,22,7,5,1,0,0,0,0,0
5,190,1073,2207,2889,2355,1556,845,391,177,77,22,10,3,0,0,0,0,0,0
7,179,1114,2223,2842,2373,1509,863,407,178,67,25,9,2,0,2,0,0,0,0
7,192,1090,2269,2836,2310,1571,821,395,196,69,30,9,5,0,0,0,0,0,0
5,161,1101,2228,2885,2328,1591,799,404,188,76,24,6,3,1,0,0,0,0,0
6,186,1038,2275,2831,2378,1590,798,423,174,66,24,8,3,0,0,0,0,0,0
10,165,1051,2260,2907,2305,1593,827,416,168,59,28,10,1,0,0,0,0,0,0
5,177,1047,2257,2877,2438,1502,825,388,166,77,27,6,5,3,0,0,0,0,0
7,185,1072,2246,2833,2347,1583,852,402,182,60,18,7,4,2,0,0,0,0,0
9,164,1087,2286,2820,2344,1586,814,414,168,78,22,3,5,0,0,0,0,0,0
5,191,1044,2190,2890,2451,1556,794,418,164,69,18,6,2,2,0,0,0,0,0
7,157,1068,2277,2873,2346,1522,867,404,190,59,21,7,1,1,0,0,0,0,0
3,197,1043,2247,2844,2397,1546,846,393,185,72,13,7,5,1,0,0,1,0,0
8,163,1035,2280,2941,2266,1586,832,417,163,70,25,9,3,1,1,0,0,0,0
9,181,1082,2179,2915,2364,1554,871,371,180,62,23,8,0,0,1,0,0,0,0
5,181,1045,2278,2863,2351,1585,816,402,167,56,29,13,6,3,0,0,0,0,0
9,186,1064,2213,2871,2353,1588,854,412,160,53,22,13,0,1,1,0,0,0,0
5,181,1102,2160,2914,2385,1553,805,408,174,69,31,9,2,1,1,0,0,0,0
9,171,1081,2192,2991,2293,1512,868,396,187,61,28,7,1,2,1,0,0,0,0
8,205,1057,2212,2877,2348,1549,878,380,182,70,20,9,3,2,0,0,0,0,0
6,158,1084,2209,2930,2388,1502,843,416,167,71,19,5,1,1,0,0,0,0,0
7,175,1119,2194,2812,2373,1612,821,419,174,62,21,6,5,0,0,0,0,0,0
9,181,1039,2251,2865,2394,1556,809,411,175,76,23,6,5,0,0,0,0,0,0
8,168,1080,2218,2879,2406,1516,830,425,174,71,14,7,2,1,0,1,0,0,0
7,162,1019,2267,2871,2378,1638,815,367,187,60,24,4,1,0,0,0,0,0,0
8,190,1078,2280,2781,2324,1614,856,379,176,74,22,11,7,0,0,0,0,0,0
