0,0,16,402,4922,5375,1021,62,2,0,0,0,0,0,0,0,0,0,0,0
29,530,1543,2071,2207,1905,1426,954,552,346,151,60,17,6,3,0,0,0,0,0
251,1255,1759,1777,1614,1417,1050,838,634,463,285,220,106,72,38,12,4,3,1,1
662,1588,1708,1509,1372,1106,946,749,569,485,359,265,183,108,86,39,39,10,7,10
1104,1714,1647,1355,1158,958,831,672,552,440,371,319,182,156,100,93,51,31,32,34
1536,1736,1534,1259,1052,874,724,616,515,431,355,256,221,172,149,127,70,65,47,61
1889,1754,1500,1172,940,745,707,569,461,409,340,267,226,184,144,114,100,85,53,141
2247,1741,1325,1109,930,715,645,496,435,402,350,261,198,206,160,128,105,76,70,201
2569,1690,1336,1041,776,679,619,494,372,380,323,269,220,172,161,126,118,115,88,252
2839,1672,1248,968,761,664,562,447,394,343,319,271,207,195,169,128,107,81,98,327
3124,1616,1191,921,720,614,557,420,376,322,281,250,219,187,179,135,113,97,89,389
3393,1581,1116,880,675,580,502,431,356,313,304,211,215,173,176,136,119,116,88,435
3635,1514,1143,787,676,488,492,387,358,304,275,245,198,185,156,149,103,108,86,511
3823,1508,1008,823,655,528,424,370,337,305,255,234,217,161,149,139,120,102,78,564
3994,1463,1054,748,635,488,422,363,340,257,237,214,209,173,157,130,124,104,114,574
4216,1391,1009,760,553,478,393,346,310,292,261,212,197,155,140,128,122,104,91,642
4357,1398,928,732,568,476,375,312,330,279,256,195,183,173,124,133,121,101,89,670
4513,1369,919,661,573,465,388,319,279,263,227,185,157,157,176,139,137,89,90,694
4659,1329,897,688,540,463,367,279,271,245,208,198,181,141,131,152,117,124,89,721
4806,1303,859,660,529,432,332,325,271,241,222,188,136,158,125,116,130,104,109,754
4939,1298,805,666,479,398,361,323,270,246,205,160,156,150,120,125,112,108,96,783
5041,1229,824,667,488,392,368,294,249,200,205,176,159,150,131,133,100,97,95,802
5194,1193,820,579,511,390,314,294,243,200,207,175,170,146,125,127,95,98,96,823
5306,1184,776,588,457,395,333,271,252,183,193,217,133,134,142,101,103,96,94,842
5404,1133,816,556,439,360,326,295,253,201,188,172,137,132,121,103,109,103,78,874
5525,1162,704,539,458,371,328,282,229,202,156,162,145,138,135,119,93,79,78,895
5616,1100,729,543,473,339,301,253,228,190,182,179,153,122,117,100,100,100,72,903
5720,1058,741,535,429,346,290,257,232,196,161,162,141,117,124,120,93,84,76,918
5839,1032,703,526,404,356,292,250,213,184,164,159,139,134,122,110,83,99,72,919
5910,1021,682,518,392,342,281,265,218,164,184,149,125,149,109,115,99,91,72,914
6018,984,731,463,368,304,294,253,205,193,167,158,134,129,104,100,94,80,76,945
6088,976,692,473,399,306,237,240,209,185,179,136,139,130,112,93,86,89,81,950
6168,973,646,485,369,311,273,221,174,189,183,138,121,109,140,91,88,76,67,978
6258,946,637,469,375,275,265,222,217,183,148,136,119,125,126,98,92,79,80,950
6317,911,634,477,382,282,234,212,230,172,157,157,121,99,108,85,82,98,60,982
6394,861,635,468,398,289,229,216,203,170,144,153,138,104,101,89,78,75,70,985
6450,886,603,449,403,263,239,215,178,181,162,137,136,101,93,78,83,69,82,992
6541,830,604,475,335,297,232,217,201,157,141,132,122,126,101,87,72,73,67,990
6578,841,627,421,359,283,238,208,191,173,135,121,113,97,101,99,77,69,61,1008
6636,842,571,465,374,249,237,204,185,158,129,143,106,98,87,83,82,73,74,1004
6716,830,568,421,355,263,216,219,173,172,139,129,96,108,79,89,84,67,68,1008
6765,825,566,401,331,297,207,214,171,155,137,127,120,81,91,84,77,73,57,1021
6851,788,540,393,364,281,219,203,152,146,152,106,110,90,92,85,74,66,64,1024
6915,768,532,390,362,286,214,187,175,136,136,104,102,89,84,89,67,86,64,1014
6997,722,515,435,308,307,215,168,141,150,125,115,108,111,90,62,67,60,61,1043
7029,761,519,375,321,295,207,179,133,154,131,108,100,78,102,74,80,74,50,1030
7080,746,501,406,304,269,209,165,157,139,125,101,103,104,87,77,66,63,64,1034
7153,741,461,368,327,256,223,169,166,111,135,104,87,109,94,72,67,59,59,1039
7203,734,450,394,297,250,195,169,173,129,112,94,109,91,94,84,77,54,72,1019
7253,711,463,373,306,242,198,171,161,118,120,99,124,70,79,88,74,65,46,1039
7294,709,480,339,285,238,206,184,155,132,116,102,96,74,83,76,67,70,68,1026
7357,714,417,376,269,232,224,158,144,143,117,83,91,97,88,64,64,72,52,1038
7404,682,460,338,288,224,207,157,141,104,117,127,106,92,70,62,65,63,53,1040
7450,679,460,324,277,232,177,171,134,130,121,93,97,89,69,86,64,67,42,1038
7511,675,458,289,283,221,162,182,149,118,118,79,99,75,77,74,68,53,54,1055
7562,657,434,303,274,196,186,170,159,110,105,93,87,79,72,87,71,53,64,1038
7583,676,428,311,256,209,170,170,130,118,105,84,107,71,72,75,79,58,65,1033
7654,646,423,301,243,199,186,160,130,113,113,84,91,72,79,69,70,66,56,1045
7691,647,401,311,233,229,177,142,132,109,87,92,88,87,73,74,63,57,54,1053
7709,645,413,299,258,205,163,127,126,131,106,79,85,95,74,47,56,68,57,1057
7741,656,394,293,248,213,174,141,111,115,95,96,65,79,83,56,54,64,61,1061
7778,655,409,289,238,191,168,143,123,98,88,105,83,67,67,81,65,59,55,1038
7828,607,437,263,244,183,168,147,124,103,98,87,89,57,85,60,62,48,57,1053
7872,603,401,277,245,182,166,147,122,110,83,105,86,80,66,48,60,59,65,1023
7895,595,403,277,237,191,180,134,122,109,80,92,83,75,65,57,61,55,59,1030
7942,577,390,273,236,193,185,129,98,112,102,77,99,69,57,59,62,55,51,1034
7967,589,396,259,223,203,151,125,135,101,89,94,71,70,63,69,68,48,49,1030
8022,552,392,255,222,177,182,121,106,108,112,81,76,74,77,64,62,56,42,1019
8030,586,381,258,202,193,155,138,115,100,103,84,69,75,69,71,57,53,45,1016
8054,582,374,250,218,182,167,129,112,88,97,85,74,75,63,57,61,70,47,1015
8077,599,344,248,234,199,133,136,125,90,84,72,69,76,76,59,64,50,52,1013
8108,585,340,255,216,193,148,123,108,103,107,82,68,65,69,51,60,64,55,1000
8144,568,344,258,209,180,144,135,98,107,86,84,78,79,63,64,62,64,40,993
8196,516,370,251,203,170,137,123,127,94,97,90,86,69,61,59,54,58,44,995
8227,527,346,255,195,154,171,116,101,98,105,94,68,71,54,68,58,49,38,1005
8264,491,351,267,184,162,162,128,100,98,87,77,72,72,75,70,49,56,44,991
8284,496,369,235,201,162,132,134,103,84,95,85,78,66,57,76,53,51,48,991
8321,480,377,226,194,158,140,138,97,98,77,76,81,60,67,53,66,58,50,983
8337,497,344,241,197,156,145,113,118,88,67,88,75,70,58,63,63,42,44,994
8374,476,340,244,193,144,148,129,92,103,84,85,68,61,63,53,55,53,38,997
8398,486,322,232,202,153,135,114,115,87,88,75,63,70,60,54,61,48,47,990
8436,449,339,217,198,155,146,119,120,69,84,80,63,70,66,52,41,44,48,1004
8469,433,337,243,174,159,136,112,107,83,78,72,74,55,46,63,53,52,44,1010
8482,429,342,242,190,160,124,114,96,77,79,82,55,59,65,50,50,42,41,1021
8495,439,336,247,174,157,128,109,93,81,79,63,74,65,61,39,53,43,51,1013
8516,448,314,261,175,134,127,117,97,83,81,73,59,47,47,54,50,40,50,1027
8546,455,280,259,192,141,133,101,94,87,73,66,62,59,39,50,52,40,47,1024
8578,451,287,227,180,145,141,94,112,74,74,68,62,54,66,45,44,44,37,1017
8590,461,286,218,172,145,123,118,89,88,69,63,72,56,50,57,49,39,52,1003
8633,432,281,215,187,127,131,107,97,82,81,80,56,41,63,55,34,48,33,1017
8640,454,276,206,176,153,114,107,108,90,59,66,58,47,52,60,44,40,48,1002
8674,423,305,196,168,141,126,106,90,84,81,62,58,63,35,55,47,47,40,999
8701,422,268,209,169,167,114,86,89,91,84,59,54,57,48,57,54,40,41,990
8704,430,289,203,183,126,105,105,93,73,75,73,67,56,49,49,49,47,35,989
8726,413,277,223,176,135,97,107,85,86,70,76,60,50,60,48,43,33,35,1000
8740,415,280,217,174,124,102,88,100,96,85,65,46,51,53,52,48,36,38,990
8745,430,288,207,156,129,103,106,100,97,71,61,65,39,42,48,35,41,48,989
8757,429,292,200,161,119,118,115,88,82,68,64,53,55,49,43,39,41,31,996
8775,436,273,220,141,121,135,107,92,75,70,55,54,46,60,39,35,33,37,996
8795,432,275,200,157,132,111,112,79,85,67,60,41,65,48,38,32,41,36,994
8809,432,259,203,164,131,114,102,90,77,61,59,57,42,48,40,45,40,39,988
8852,406,255,204,173,127,112,90,82,67,74,73,46,51,49,35,43,40,44,977
8856,414,263,199,159,139,113,82,81,77,66,56,55,47,44,59,32,52,38,968
8874,410,267,196,158,123,97,102,72,72,72,57,50,55,52,46,47,44,47,959
8886,410,286,168,164,126,116,76,80,63,71,48,60,54,56,49,43,42,35,967
8897,420,265,180,156,127,111,87,62,73,70,61,52,61,50,48,39,39,45,957
8936,396,269,175,137,131,93,93,83,70,65,67,49,58,41,54,52,36,42,953
8945,402,273,159,149,121,100,89,76,80,71,54,60,47,49,48,40,43,50,944
8956,405,266,174,136,119,96,86,95,57,71,65,44,56,47,46,51,38,31,961
8972,384,286,161,144,97,114,94,72,65,65,69,52,53,51,51,43,38,33,956
8978,391,269,177,138,107,103,77,95,71,69,58,43,52,61,41,44,35,45,946
9000,389,257,191,138,102,96,85,88,63,60,53,56,45,57,46,44,32,41,957
9007,397,272,175,132,101,97,90,65,72,69,60,52,42,47,51,41,39,27,964
9021,409,249,170,142,112,89,98,63,59,60,59,64,50,46,35,35,52,32,955
9038,389,257,177,153,106,91,79,65,65,59,50,65,45,49,50,27,39,45,951
9052,393,262,172,138,99,92,79,70,69,60,72,51,48,39,29,38,48,35,954
9068,413,240,150,146,105,99,81,64,51,66,64,61,48,45,50,27,40,39,943
9091,395,243,158,127,120,98,76,58,73,46,57,54,49,48,46,46,40,34,941
9108,383,236,163,121,116,104,92,77,53,56,45,46,54,47,39,46,40,38,936
9114,388,243,155,111,135,100,87,76,55,51,48,51,51,56,36,49,33,42,919
9161,369,231,135,136,112,100,89,91,63,38,53,49,46,41,40,42,41,30,933
9159,379,219,158,134,100,100,86,81,56,60,55,38,49,41,38,42,36,39,930
9164,379,226,150,137,101,106,91,70,61,57,51,36,43,44,45,40,37,40,922
9175,368,250,143,129,111,95,75,71,68,58,50,42,37,53,34,34,47,36,924
9191,372,227,157,126,103,75,98,86,51,45,47,54,53,48,44,30,31,35,927
9210,362,217,169,110,105,91,78,84,54,50,59,53,45,44,44,31,44,26,924
9213,358,241,136,134,87,90,94,68,69,60,43,48,46,46,34,47,42,30,914
9221,370,223,149,118,92,97,85,76,55,66,57,41,46,36,37,43,40,36,912
9236,351,231,150,120,91,102,80,89,56,50,39,49,47,44,42,41,32,28,922
9282,309,230,144,131,89,90,88,82,57,61,48,35,51,43,47,28,40,40,905
9287,323,219,158,111,95,89,93,74,60,56,52,44,41,55,39,31,30,32,911
9312,317,189,181,116,86,92,95,59,62,62,59,31,44,53,34,28,36,36,908
9311,330,203,153,116,110,85,76,71,59,64,43,37,49,38,40,37,42,35,901
9320,322,210,157,114,106,94,67,68,67,56,50,34,42,39,42,45,31,38,898
9341,320,201,144,129,105,88,62,74,57,61,42,46,43,39,45,42,26,36,899
9354,320,193,159,116,97,95,77,68,44,62,46,41,42,40,33,41,47,25,900
9364,315,209,147,112,108,82,72,69,47,59,42,58,34,39,39,37,43,23,901
9371,335,188,136,110,109,109,65,62,56,45,59,43,38,39,37,40,35,43,880
9387,312,215,132,111,105,90,77,72,46,50,57,45,38,31,31,31,33,48,889
9381,335,203,136,112,99,90,76,65,52,55,45,51,38,37,38,33,34,31,889
9392,335,203,136,118,98,80,76,65,59,46,42,40,50,40,30,30,24,38,898
9410,325,194,153,108,105,73,76,57,55,48,38,50,41,43,30,35,31,31,897
9398,355,203,136,99,95,85,70,65,49,50,40,45,53,28,36,34,32,34,893
9419,329,204,126,122,90,66,84,76,51,43,55,36,47,32,31,36,39,35,879
9439,311,200,125,122,88,85,79,70,48,51,38,45,46,38,40,28,30,29,888
9455,309,190,124,114,102,81,74,65,56,43,47,45,43,45,32,38,34,28,875
9470,309,189,135,97,98,83,70,78,43,50,40,39,52,40,39,34,40,29,865
9483,306,190,119,108,92,89,76,70,44,52,37,43,40,49,32,36,33,30,871
9486,297,186,135,112,84,83,83,62,52,59,33,34,42,41,45,32,34,31,869
9488,301,200,134,103,89,74,76,66,55,57,35,37,45,31,43,30,29,31,876
9485,331,184,123,117,83,78,63,65,56,47,51,39,50,41,35,24,27,25,876
9512,318,171,138,102,95,64,68,64,55,46,53,44,38,45,30,30,23,32,872
9543,283,181,129,109,95,71,64,71,41,54,42,36,52,39,30,31,32,39,858
9550,294,186,115,114,79,72,67,61,59,46,43,34,47,34,44,29,35,28,863
9562,276,191,118,118,90,79,67,54,42,51,43,48,34,32,28,35,28,29,875
9568,276,180,119,129,80,80,69,62,50,46,41,41,30,32,40,31,29,26,871
9575,279,171,136,107,79,90,77,54,48,44,42,37,39,33,32,33,31,25,868
9588,274,182,131,102,87,75,80,60,45,35,38,41,31,40,40,38,36,28,849
9590,274,180,138,102,84,85,77,38,42,45,36,37,45,47,44,35,33,22,846
9596,281,185,120,109,92,85,58,53,40,47,37,31,54,36,40,35,33,33,835
9615,271,168,122,136,79,79,61,46,51,37,42,42,41,38,39,29,26,38,840
9624,278,168,120,116,95,85,53,57,41,42,41,36,33,24,43,34,27,26,857
9646,264,161,129,106,91,87,49,59,58,33,44,23,51,27,36,32,39,19,846
9644,267,170,123,108,99,76,52,60,48,37,36,43,38,39,34,29,28,40,829
9652,271,162,129,95,104,87,51,50,46,40,46,42,30,33,32,35,33,36,826
9659,281,152,119,120,105,66,57,47,45,52,32,38,38,30,34,30,38,23,834
9664,291,144,124,110,89,77,67,46,51,48,41,30,35,34,34,29,20,32,834
9673,282,154,120,111,84,65,65,63,53,47,31,44,33,32,38,25,17,26,837
9690,275,157,108,104,88,81,66,53,48,43,39,39,35,27,31,32,25,27,832
9700,270,165,117,90,83,73,80,50,40,40,52,31,35,26,31,21,28,28,840
9705,273,163,117,102,80,70,74,50,35,40,43,39,33,33,37,26,16,29,835
9716,254,173,126,101,76,75,50,58,53,44,37,30,36,34,30,36,20,29,822
9732,253,167,123,92,76,78,66,51,45,40,38,40,37,29,30,25,29,20,829
9737,246,171,132,92,79,64,56,64,52,41,40,35,26,36,28,24,31,18,828
9737,273,155,133,87,80,65,60,53,53,39,39,40,29,33,23,24,26,30,821
9747,277,156,123,80,79,68,78,43,46,37,37,38,37,30,34,28,26,25,811
9753,276,161,121,81,75,67,64,50,42,40,40,39,32,34,33,28,23,26,815
9760,268,172,107,96,71,62,56,46,62,34,41,40,30,30,31,33,26,19,816
9774,262,168,107,96,75,57,51,50,59,39,40,45,33,32,30,22,25,17,818
9785,258,161,126,93,61,55,59,43,41,56,41,31,51,34,26,26,21,24,808
9798,259,159,117,88,67,64,53,51,42,46,44,31,40,29,34,24,23,25,806
9812,254,152,122,95,57,68,41,55,47,49,36,31,42,27,34,28,23,31,796
9823,244,164,112,88,75,61,36,44,53,53,39,42,31,28,24,26,27,27,803
9830,246,165,112,84,62,68,44,47,44,43,53,35,28,34,28,21,30,30,796
9838,246,168,114,81,55,59,43,64,39,47,44,41,30,34,25,27,15,32,798
9844,245,154,120,76,63,54,65,51,35,33,51,44,31,27,26,30,27,23,801
9847,261,134,124,77,66,61,48,44,47,43,46,34,29,24,38,29,34,33,781
9849,259,143,111,93,60,55,47,43,59,35,39,36,41,30,28,23,31,28,790
9854,265,132,121,86,64,50,44,51,53,50,25,34,38,26,32,32,23,23,797
9865,260,135,112,92,59,49,49,53,47,43,45,32,32,31,26,27,23,16,804
9877,241,156,103,81,65,55,47,59,40,44,50,38,34,26,21,20,23,15,805
9879,248,151,97,93,56,55,59,52,49,38,43,33,36,28,23,26,22,17,795
9884,246,150,102,81,61,63,57,49,49,52,32,31,27,32,19,33,17,26,789
9909,223,154,90,99,66,55,51,60,35,47,37,28,29,34,30,22,20,27,784
9915,220,154,103,87,68,67,37,48,41,34,44,29,39,33,26,20,23,21,791
9931,207,149,111,78,79,55,38,46,46,47,39,38,35,24,18,22,26,26,785
9939,216,140,117,70,68,65,43,39,44,44,42,43,26,28,30,21,25,28,772
9943,214,141,108,91,51,64,46,58,32,57,37,29,33,23,28,33,13,14,785
9954,218,122,113,82,73,53,60,40,41,44,37,34,35,23,18,25,21,23,784
9958,219,125,98,87,63,58,57,52,50,44,28,38,28,23,24,20,24,18,786
9974,209,125,94,89,67,70,43,47,53,37,29,27,26,33,27,22,19,21,788
9967,215,131,98,87,63,64,53,39,55,36,34,30,27,27,25,21,22,21,785
9977,207,143,84,82,66,68,46,59,51,29,36,35,27,25,19,19,18,21,788
9975,223,122,96,90,61,64,47,49,43,35,35,32,38,26,12,23,29,20,780
9978,217,127,102,91,58,61,52,40,37,45,34,30,34,23,26,24,18,17,786
9979,207,145,110,72,64,58,46,38,52,39,31,33,24,28,25,31,12,17,789
9989,200,146,110,76,50,58,59,33,47,38,33,35,27,26,33,18,20,20,782
9987,209,138,107,75,66,64,55,34,36,38,29,32,37,28,19,20,16,14,796
9997,214,135,97,89,56,53,44,60,35,41,23,28,26,25,24,29,20,21,783
9997,216,127,114,77,60,47,60,49,35,32,30,40,23,15,21,21,25,20,791
10001,209,138,97,91,50,61,53,50,30,37,34,33,22,22,23,21,21,17,790
10008,200,140,101,85,58,50,53,54,47,36,26,20,23,30,22,14,24,21,788
10010,211,130,102,77,69,53,54,34,56,32,24,34,16,30,20,20,25,24,779
10021,210,126,99,80,68,46,48,43,52,39,31,24,24,24,27,19,19,23,777
10019,218,123,100,82,56,64,40,48,35,39,30,37,30,26,28,15,22,15,773
10022,205,136,101,76,68,46,47,53,48,30,24,34,31,28,19,20,29,19,764
10034,200,134,93,87,61,49,49,47,48,33,24,31,31,26,25,22,21,20,765
10048,191,129,107,66,72,52,45,48,42,29,30,30,30,28,20,15,19,24,775
10046,190,136,108,72,64,46,56,40,37,36,38,29,23,26,22,20,20,21,770
10042,206,131,108,75,55,51,46,41,38,45,26,37,25,16,25,25,22,22,764
10048,194,141,96,79,70,56,27,50,33,36,41,24,36,26,28,11,20,19,765
10062,181,141,98,77,75,49,34,45,36,33,42,31,29,21,26,26,20,22,752
10064,180,138,112,71,71,49,42,37,40,37,34,28,29,23,26,19,27,26,747
10069,184,134,106,76,63,57,49,38,32,36,25,32,25,26,29,30,15,20,754
10065,194,129,114,73,67,47,50,46,32,31,26,32,24,31,23,30,21,15,750
10073,186,143,95,83,64,42,49,43,42,36,21,34,30,21,25,24,19,23,747
10078,184,153,96,75,60,45,43,41,48,36,31,17,25,28,32,22,27,9,750
10082,180,152,82,91,63,47,40,39,44,31,39,29,19,27,24,26,21,18,746
10085,180,155,85,75,67,59,42,27,32,38,29,38,28,25,27,22,20,23,743
10086,183,147,100,79,59,45,45,32,35,47,25,39,23,24,20,19,22,24,746
10101,168,139,111,75,57,59,39,34,38,37,33,26,30,24,24,15,17,22,751
10098,177,139,103,76,50,66,41,36,31,47,27,32,19,31,21,15,23,8,760
10095,176,150,116,63,46,53,46,47,34,30,42,22,30,25,20,17,20,17,751
10112,174,146,90,76,56,45,56,47,41,23,32,33,27,24,20,15,18,21,744
10120,175,125,98,74,48,55,54,50,43,33,31,27,27,23,19,22,12,17,747
10119,178,132,94,74,64,48,46,36,42,40,36,18,25,24,22,29,19,14,740
10129,168,135,94,66,72,48,43,40,49,42,18,22,28,23,26,17,26,18,736
10129,176,126,96,75,59,57,51,31,47,39,24,27,21,27,21,17,23,21,733
10135,171,129,88,78,65,46,54,46,35,44,26,27,19,32,23,15,20,12,735
10130,187,121,83,83,58,62,53,44,28,33,42,27,23,24,17,18,16,14,737
10137,178,125,85,86,63,43,50,44,45,33,27,34,22,23,23,19,17,14,732
10144,175,123,83,90,64,50,48,39,35,34,35,22,22,29,19,20,22,28,718
10147,188,110,89,76,73,57,48,30,36,28,28,30,16,26,32,22,23,17,724
10147,185,121,85,77,72,60,40,39,33,24,35,24,20,25,25,28,22,21,717
10156,179,124,86,80,57,63,38,38,39,28,28,23,30,24,22,26,28,21,710
10168,172,116,101,70,71,55,33,43,27,26,28,35,26,28,25,21,25,15,715
10171,176,123,96,68,62,54,43,32,29,35,25,35,26,16,33,20,16,20,720
10180,181,113,93,75,53,61,36,35,34,33,27,20,26,30,18,24,21,18,722
10184,177,120,84,68,67,52,44,37,31,32,29,25,19,18,30,19,14,31,719
10186,172,128,80,75,59,58,34,42,38,26,22,27,25,21,18,21,18,30,720
10199,155,128,89,63,74,54,39,48,23,26,26,22,15,29,18,34,30,21,707
10190,167,130,83,71,70,61,38,34,34,24,26,20,17,22,31,18,19,25,720
10204,159,128,86,72,66,62,37,30,35,28,23,20,21,29,21,21,17,19,722
10210,152,137,86,71,63,50,41,33,35,27,27,17,29,26,20,17,16,17,726
10218,156,123,81,80,60,51,42,29,34,30,25,24,19,25,15,23,22,26,717
10211,166,126,86,70,58,47,43,35,30,26,33,22,25,22,22,19,12,17,730
10222,169,114,86,75,51,51,38,32,32,25,34,22,29,20,19,18,20,19,724
10221,173,112,89,63,61,48,31,35,38,27,28,36,21,31,15,11,18,17,725
10212,175,127,85,61,64,39,40,25,35,35,36,33,24,11,21,25,12,20,720
10229,172,112,85,60,60,44,36,35,33,31,24,37,30,15,25,21,22,19,710
10237,175,108,75,71,56,38,41,29,31,35,32,38,22,19,23,23,20,15,712
10234,178,112,79,68,52,45,40,30,32,37,32,29,16,26,19,23,21,14,713
10228,186,97,90,71,56,45,31,36,32,35,41,23,17,26,20,22,17,21,706
10243,172,99,84,75,50,55,36,36,34,28,36,20,24,21,22,22,20,17,706
10237,190,96,73,69,63,50,36,36,37,33,28,21,28,17,23,24,14,18,707
10243,183,107,76,59,56,54,31,41,39,34,27,27,27,25,14,23,17,18,699
10258,168,101,80,65,61,43,39,46,33,35,24,27,27,29,21,14,18,18,693
10258,170,99,90,52,55,53,50,36,32,33,24,28,27,27,20,22,21,12,691
10270,167,98,81,60,52,50,51,39,31,31,27,28,29,18,17,18,24,15,694
10269,164,107,85,56,51,47,50,38,37,26,33,26,17,23,26,21,14,17,693
10278,152,115,81,55,49,58,45,30,34,34,34,17,23,26,25,19,16,20,689
10283,151,116,79,49,55,52,42,38,31,33,31,31,25,27,17,15,16,19,690
10279,161,104,81,68,53,49,30,43,28,30,34,30,33,19,18,17,18,19,686
10287,157,106,83,61,61,37,39,31,36,35,27,37,16,31,18,20,18,12,688
10282,164,103,81,64,56,56,31,35,36,31,29,21,21,24,26,21,20,17,682
10287,156,106,74,74,49,63,38,29,38,29,31,20,27,22,19,27,17,19,675
10298,148,104,85,64,55,51,47,33,27,34,29,22,21,18,27,27,20,17,673
10303,149,102,83,62,49,60,41,42,31,20,28,25,28,27,17,28,16,14,675
10304,152,113,66,70,49,48,45,37,42,19,34,22,19,26,25,22,18,20,669
10307,152,100,81,62,58,49,43,40,24,34,27,24,25,20,25,27,21,16,665
10313,153,105,76,52,57,54,46,39,34,30,21,22,27,19,23,26,16,20,667
10318,148,107,69,62,60,46,41,52,38,22,21,26,20,19,23,25,11,21,671
10325,150,105,57,69,53,50,44,48,35,29,25,25,31,12,18,23,15,13,673
10323,151,100,74,69,48,59,38,40,34,26,33,27,16,21,24,17,16,13,671
10331,149,103,70,69,51,46,40,38,39,32,31,25,20,15,23,23,12,14,669
10328,150,111,79,55,50,55,33,39,37,32,23,27,17,22,27,17,19,16,663
10332,154,113,68,67,41,47,45,36,36,29,25,22,22,27,22,17,22,17,658
10334,147,112,80,57,49,56,37,24,43,30,25,21,29,14,25,19,21,16,661
10327,165,100,81,60,53,50,36,31,30,32,30,27,20,20,17,26,18,16,661
10336,159,103,72,66,53,48,33,35,34,35,28,25,17,21,17,17,18,18,665
10330,165,101,81,57,52,50,38,35,31,32,25,36,14,15,30,20,11,13,664
10335,171,96,77,64,50,47,39,37,33,25,27,31,18,17,14,21,14,13,671
10336,168,97,78,60,61,44,46,30,32,31,23,25,20,18,17,18,12,12,672
10338,169,99,71,69,43,62,36,34,33,34,16,24,23,14,24,11,15,18,667
10346,159,111,58,70,57,43,46,39,28,31,27,18,30,9,21,17,16,20,654
10343,172,105,54,73,59,41,45,32,33,27,32,23,20,18,19,12,12,18,662
10356,149,111,64,66,59,41,40,39,34,37,25,19,20,19,20,10,19,12,660
10351,168,98,69,63,48,55,46,25,38,27,25,29,24,16,15,14,11,9,669
10353,174,93,70,72,37,54,39,41,29,30,25,21,25,18,9,19,20,12,659
10358,163,104,75,58,46,52,42,30,33,32,28,22,20,17,18,15,20,16,651
10363,163,105,77,52,44,66,29,35,26,32,26,21,23,27,15,19,15,8,654
10371,152,114,70,52,52,52,44,36,25,29,24,24,30,16,10,13,20,13,653
10375,153,109,61,66,50,45,49,33,29,26,24,26,21,24,15,12,14,17,651
10377,157,100,68,67,48,46,38,45,35,19,20,24,20,26,19,22,8,12,649
10376,160,102,72,69,47,38,42,36,42,22,17,23,19,24,15,22,13,12,649
10378,159,99,74,65,54,39,37,36,35,28,20,32,17,23,14,20,8,18,644
10371,167,105,69,65,52,44,34,35,34,30,23,26,19,21,10,12,13,13,657
10378,160,104,73,63,62,40,31,31,31,30,27,26,16,16,19,10,19,15,649
10375,165,112,67,67,59,33,32,40,24,30,31,21,13,15,17,17,17,14,651
10384,160,105,73,67,60,30,28,43,26,35,17,26,16,17,15,16,20,12,650
10384,165,104,74,60,58,38,27,35,41,23,15,25,17,15,18,17,20,14,650
10389,167,101,75,65,46,34,36,34,28,25,30,17,23,20,16,13,18,13,650
10389,172,103,73,56,46,42,38,29,26,24,29,23,25,18,18,13,11,17,648
10399,166,96,74,55,49,44,44,23,28,23,26,29,19,17,19,24,16,11,638
10407,164,89,73,57,54,39,40,27,34,11,37,21,18,25,13,13,15,26,637
10404,171,92,66,56,47,39,45,35,33,14,30,17,16,22,24,17,17,12,643
10413,157,101,69,49,48,34,50,35,26,23,26,24,17,25,17,19,20,14,633
10416,158,105,57,58,39,47,42,33,26,26,27,29,16,14,25,14,22,14,632
10421,156,96,58,71,35,43,37,35,31,32,33,16,21,19,11,22,20,9,634
10421,163,101,58,56,41,45,40,29,18,39,26,29,20,19,18,17,11,10,639
10432,148,110,57,52,43,47,40,31,25,24,26,30,23,18,14,13,17,16,634
10436,157,100,53,47,56,40,42,38,26,16,33,25,24,16,16,14,16,13,632
10433,161,88,66,45,53,47,34,37,30,30,22,28,18,24,15,6,13,19,631
10436,156,89,70,46,61,33,30,42,31,36,26,17,16,20,18,12,17,18,626
10452,144,88,69,53,48,41,34,38,29,32,29,17,13,18,19,15,17,20,624
10451,143,97,65,49,44,49,32,30,37,25,31,21,17,16,23,11,12,18,629
10451,141,99,69,55,40,36,42,32,39,22,22,18,23,20,19,11,21,15,625
10455,144,88,72,51,58,32,33,34,33,26,24,22,21,17,14,16,16,16,628
10457,136,100,67,53,49,35,38,31,29,25,34,20,20,12,18,14,21,8,633
10462,138,100,61,57,38,50,34,30,30,20,27,23,16,18,18,20,17,10,631
10464,134,106,61,55,42,45,31,34,30,26,22,18,29,13,17,17,15,13,628
10465,145,93,69,56,53,32,39,23,26,25,19,26,21,19,19,12,18,9,631
10463,151,89,74,54,51,29,45,15,31,25,23,22,19,18,9,18,17,12,635
10464,140,93,78,55,49,51,25,31,20,25,19,17,20,22,14,9,22,18,628
10472,139,96,71,57,45,42,34,27,31,16,19,20,18,20,11,18,18,13,633
10472,137,97,72,54,47,49,27,25,26,22,31,19,12,15,16,17,13,19,630
10480,133,101,70,58,40,39,35,31,18,25,28,20,15,15,14,19,10,16,633
10480,140,83,80,56,39,39,36,21,37,32,17,18,15,18,15,15,11,11,637
10491,132,90,74,51,43,42,30,31,27,24,27,18,21,8,20,12,17,14,628
10491,135,88,84,54,31,36,36,32,23,22,34,19,17,21,13,10,17,15,622
10485,137,93,82,52,38,40,27,30,32,26,19,22,18,19,17,14,17,12,620
10491,138,98,65,57,47,33,27,26,37,22,24,26,21,14,9,21,13,10,621
10491,134,106,67,50,47,32,31,35,29,26,23,12,25,15,15,15,15,11,621
10494,143,88,66,66,38,34,34,28,35,26,12,18,17,21,17,14,12,12,625
10497,141,87,67,63,46,29,37,30,29,25,11,21,28,14,15,13,20,5,622
10502,139,84,68,59,52,27,31,39,26,22,26,18,22,15,13,18,15,6,618
10494,146,97,57,55,48,32,36,29,23,35,20,22,24,6,20,17,14,6,619
10507,129,99,60,56,44,40,38,28,24,27,26,18,14,12,20,17,14,11,616
10508,133,92,59,62,47,36,35,35,24,23,22,18,13,23,11,17,15,13,614
10508,133,93,60,61,45,30,47,27,28,15,32,17,14,19,12,17,13,15,614
10512,126,94,64,57,46,42,35,28,32,25,20,17,19,12,12,19,12,18,610
10518,125,89,67,57,43,35,37,31,25,35,14,20,21,20,12,21,8,11,611
10509,133,98,57,59,42,37,38,29,39,18,25,15,20,20,13,18,8,5,617
10507,154,80,55,63,49,29,33,36,32,24,24,13,20,19,16,14,8,10,614
10513,142,84,66,51,45,43,27,34,33,20,20,26,12,16,18,14,15,13,608
10520,135,87,58,56,41,49,30,41,18,17,25,22,18,18,16,19,16,7,607
10516,138,91,60,60,39,36,41,24,33,21,26,15,17,19,15,13,10,21,605
10527,126,94,62,48,52,35,44,24,20,26,20,22,21,11,17,12,19,13,607
10530,125,95,54,57,46,47,32,29,15,33,19,21,19,15,18,12,14,20,599
10534,127,93,60,50,49,42,28,32,22,31,18,21,17,18,14,16,14,15,599
10535,121,95,65,47,51,38,40,24,20,20,25,22,18,20,19,10,14,18,598
10535,121,92,61,53,48,51,35,23,22,16,31,14,20,21,16,17,17,16,591
10540,120,93,52,58,58,48,22,28,23,27,15,13,27,18,20,20,17,15,586
10553,112,92,58,54,48,47,31,23,30,26,17,11,21,23,21,15,10,13,595
10552,122,93,55,47,44,51,35,28,23,18,27,14,18,17,19,18,11,20,588
10541,121,97,65,58,36,41,33,25,30,24,19,21,16,18,20,20,15,13,587
10544,118,101,68,53,40,33,42,26,20,25,21,24,12,26,17,16,14,18,582
10551,120,94,64,57,37,39,31,31,18,29,23,20,19,15,16,20,17,15,584
10554,121,89,70,54,41,34,30,22,29,24,23,22,18,29,15,18,11,13,583
10541,139,81,81,45,51,28,25,28,27,17,22,22,22,19,23,16,18,10,585
10551,128,93,64,59,36,37,25,30,25,14,30,19,29,17,20,16,14,13,580
10547,140,95,53,59,40,36,25,28,31,13,25,20,22,21,16,17,20,13,579
10550,139,80,70,48,51,32,27,27,25,23,20,22,15,25,23,14,13,16,580
10556,138,82,65,42,53,41,21,29,21,22,23,17,32,16,16,16,13,17,580
10559,141,83,60,43,46,41,33,26,22,21,14,21,31,17,19,15,11,11,586
10571,124,94,58,48,35,35,41,22,25,21,26,18,15,19,20,17,14,8,589
10575,120,100,51,48,36,41,34,26,23,23,26,15,22,20,11,17,12,12,588
10584,118,90,53,48,34,40,34,32,21,16,30,21,20,18,15,14,14,14,584
10586,114,90,54,54,33,41,31,27,26,20,24,23,16,19,18,17,15,8,584
10593,111,86,59,49,41,36,29,24,32,21,21,14,24,19,15,19,12,8,587
10586,117,86,64,44,40,40,23,27,33,26,23,20,17,18,10,15,15,16,580
10584,123,91,54,45,42,34,30,29,29,23,30,16,20,13,14,13,13,9,588
10594,116,83,59,48,37,44,23,30,25,24,29,21,17,14,12,15,13,16,580
10592,121,74,68,40,50,39,30,25,24,18,26,20,20,12,18,14,16,14,579
10588,123,77,66,44,45,49,22,28,18,28,17,26,16,9,18,15,18,18,575
10594,125,72,63,55,39,40,30,21,22,18,19,29,20,19,6,15,29,13,571
10592,125,77,64,54,31,42,28,24,24,19,20,27,24,6,15,16,17,13,582
10594,127,86,53,48,40,37,29,29,19,29,23,19,13,15,19,10,14,11,585
10596,126,86,56,39,42,44,28,22,22,22,24,18,24,18,15,12,19,11,576
10604,126,77,57,42,41,43,32,26,19,21,28,14,26,15,16,12,12,15,574
10607,118,81,58,41,40,44,33,22,24,28,23,13,22,15,14,12,14,19,572
10617,110,78,57,52,37,29,37,34,20,28,18,20,14,17,14,12,14,14,578
10615,108,78,59,60,32,33,34,34,19,27,14,19,22,16,14,13,13,11,579
10619,116,69,60,52,37,35,32,36,23,16,26,16,20,13,14,12,14,10,580
10623,114,72,58,48,45,35,33,29,24,20,22,26,19,8,12,13,8,15,576
10623,117,78,50,49,40,37,37,29,27,20,18,25,11,14,14,15,8,13,575
10631,110,76,55,45,42,36,35,33,30,17,24,16,18,9,14,13,7,12,577
10633,107,75,56,45,44,36,37,35,24,23,15,20,11,19,13,9,10,13,575
10631,103,81,49,47,50,32,38,35,29,23,16,19,11,13,18,12,11,12,570
10632,105,77,53,49,49,33,30,35,28,20,18,23,14,11,13,20,14,8,568
10634,110,71,56,48,44,37,32,34,26,21,11,23,17,16,15,23,7,6,569
10633,109,74,61,38,44,31,39,32,31,21,17,18,17,20,14,13,12,8,568
10646,98,69,66,40,42,38,27,38,20,28,21,17,10,17,21,9,14,13,566
10648,100,65,64,42,45,36,29,32,26,26,16,17,21,18,16,14,10,11,564
10647,105,64,65,40,46,32,33,31,27,22,20,18,15,11,25,15,9,9,566
10641,109,66,69,43,42,37,25,30,34,22,15,20,16,12,19,14,14,10,562
10639,103,88,54,49,36,36,22,32,30,23,19,21,13,19,12,15,18,10,561
10640,101,91,55,41,41,36,33,27,25,24,22,21,16,17,16,8,19,7,560
10641,100,85,57,55,38,26,29,35,30,23,12,17,24,19,17,11,15,5,561
10646,98,90,58,46,29,37,31,36,21,21,22,13,32,14,16,17,12,7,554
10651,92,84,64,46,38,33,28,33,28,15,18,21,20,20,20,18,11,5,555
10655,91,92,56,46,40,28,43,22,21,18,26,17,12,23,18,14,13,12,553
10657,99,79,50,55,43,29,24,31,21,33,22,20,12,15,15,18,13,10,554
10655,98,75,68,45,39,34,27,25,25,29,22,20,15,17,14,18,11,6,557
10661,106,65,58,48,41,31,36,28,24,17,24,25,10,22,16,21,8,10,549
10657,113,66,52,50,40,36,31,34,13,30,24,20,13,20,20,9,11,10,551
10661,101,68,63,50,42,31,30,30,18,28,27,11,21,23,13,10,9,9,555
10660,95,87,47,54,42,30,29,37,22,28,17,18,17,19,8,15,10,7,558
10662,96,83,50,58,31,40,29,25,29,32,22,14,15,12,12,11,12,8,559
10661,96,77,60,48,40,44,22,23,40,26,20,17,13,7,13,9,16,12,556
10661,104,82,43,53,41,38,32,24,24,32,18,13,21,12,12,8,21,7,554
10667,103,67,54,59,38,34,28,26,33,27,17,16,18,15,8,10,14,12,554
10670,101,63,62,47,38,41,28,31,34,17,23,13,9,24,9,15,20,12,543
10672,96,74,59,46,40,30,34,31,34,18,16,14,14,17,12,14,12,15,552
10676,99,71,56,38,49,33,32,33,25,27,14,12,14,18,16,15,14,10,548
10667,104,73,63,34,40,43,38,28,27,18,17,17,21,9,15,12,12,10,552
10682,88,70,64,40,40,47,30,28,29,16,17,18,15,16,11,13,16,14,546
10678,98,60,70,38,48,40,28,23,24,25,26,17,13,9,16,13,15,13,546
10679,99,65,62,41,48,39,27,29,24,24,25,23,4,15,10,11,15,14,546
10678,101,67,57,47,37,45,27,31,26,21,21,21,13,11,13,8,17,12,547
10681,98,69,61,37,50,41,29,19,30,20,19,22,15,11,14,15,7,13,549
10681,104,59,62,37,56,43,30,20,24,20,25,15,15,15,10,12,12,12,548
10674,109,61,63,47,47,38,24,30,26,19,17,24,9,19,11,14,9,15,544
10679,109,58,63,50,45,32,25,37,26,20,17,13,24,9,10,12,11,9,551
10683,105,64,58,48,47,29,33,27,31,26,16,11,16,12,11,10,8,10,555
10681,114,51,69,44,48,27,38,24,23,25,26,11,17,7,8,16,9,9,553
10689,95,66,58,59,42,35,25,24,24,29,20,12,17,17,10,7,12,10,549
10685,101,70,52,59,44,25,29,34,25,22,19,17,14,14,11,8,10,14,547
10683,100,79,49,58,44,26,31,32,21,25,26,10,13,10,14,8,10,14,547
10686,104,67,60,51,45,37,26,27,26,20,17,13,18,9,17,15,2,9,551
10687,100,70,63,50,44,35,29,31,21,25,16,10,20,9,10,14,8,10,548
10685,99,76,56,56,35,42,27,31,23,30,12,12,15,11,14,8,11,15,542
10684,101,78,55,49,37,44,32,34,20,17,24,14,14,14,10,14,6,10,543
10683,107,77,54,51,40,40,32,34,21,20,15,15,15,14,8,12,8,12,542
10689,105,80,43,60,43,36,32,26,25,17,20,18,13,13,9,8,11,9,543
10688,112,71,54,52,45,36,30,27,26,16,20,18,11,18,7,11,11,7,540
10687,112,75,56,50,39,39,29,29,24,17,21,19,17,10,7,10,10,7,542
10697,100,79,55,58,34,35,31,30,26,16,20,16,17,8,4,15,4,9,546
10696,105,75,57,56,42,26,37,25,20,18,23,14,10,17,6,10,8,7,548
10698,107,70,63,56,37,33,32,25,22,19,15,25,9,9,5,9,13,8,545
10702,100,76,59,58,34,35,37,25,23,15,12,17,18,11,8,7,16,4,543
10708,99,76,59,50,41,39,25,29,20,13,13,18,17,10,11,11,10,4,547
10713,94,76,62,54,35,42,25,24,21,17,17,12,14,11,12,10,9,11,541
10717,98,75,58,50,39,37,34,21,15,14,22,17,11,9,13,7,8,14,541
10715,103,71,61,50,42,35,29,26,15,15,18,11,13,13,12,9,11,11,540
10719,101,80,52,44,51,34,26,28,18,17,6,12,15,15,8,16,10,10,538
10711,110,75,58,43,46,36,33,25,14,15,15,12,11,13,14,8,10,12,539
10709,112,72,54,52,48,32,33,22,17,12,19,16,10,10,10,11,13,13,535
10710,107,77,62,46,41,36,31,28,12,15,18,16,12,8,9,8,13,12,539
10717,108,67,62,52,40,40,23,27,16,19,13,15,7,14,13,8,8,15,536
10722,105,64,65,55,34,35,28,23,21,12,17,14,14,12,8,13,11,13,534
10729,103,68,62,52,34,34,26,22,22,16,20,13,9,10,13,9,8,15,535
10721,114,75,45,62,32,37,34,19,14,19,13,16,11,9,10,13,13,9,534
10732,99,73,49,61,38,35,35,21,16,17,18,8,6,10,11,17,8,8,538
10728,114,60,56,47,49,37,27,27,18,13,16,14,6,6,14,12,11,10,535
10731,108,69,50,51,49,30,27,24,24,16,10,10,14,10,8,10,9,13,537
10734,110,65,44,60,42,33,23,24,26,17,7,16,13,15,12,8,9,11,531
10741,110,60,52,53,39,39,18,24,26,14,10,16,12,14,14,8,12,5,533
10743,110,62,55,47,42,35,23,22,22,15,11,20,11,16,8,8,10,6,534
10744,110,66,48,50,36,33,24,25,20,18,12,21,12,11,5,15,8,13,529
10751,98,68,46,55,38,30,29,20,22,17,16,19,9,8,8,12,13,9,532
10746,110,62,44,55,35,32,29,31,14,21,12,17,13,6,7,12,15,13,526
10746,109,65,48,50,29,42,31,18,14,21,17,13,12,15,11,12,11,13,523
10752,104,68,43,49,36,36,29,22,13,26,16,12,13,10,11,13,13,9,525
10756,98,73,51,40,42,30,26,22,20,20,12,12,9,11,15,20,11,6,526
10761,88,81,45,40,42,32,31,19,20,19,7,10,24,12,11,15,11,13,519
10762,93,74,48,39,42,41,18,24,16,13,22,12,10,17,12,16,11,12,518
10767,95,69,50,36,40,37,24,18,23,14,12,23,10,13,14,16,13,16,510
10764,101,59,48,50,32,37,27,20,18,14,21,15,16,12,8,17,16,12,513
10768,99,64,43,50,35,35,23,25,15,19,19,9,16,12,10,16,8,18,516
10760,111,57,47,54,32,35,20,21,16,20,22,11,13,22,10,11,5,13,520
10768,106,60,43,51,42,25,21,21,19,22,8,14,23,19,11,9,5,10,523
10766,113,51,56,40,40,29,22,18,24,18,16,16,18,13,17,6,5,9,523
10768,110,60,52,45,32,33,18,19,20,20,16,19,16,13,13,10,8,5,523
10775,104,63,47,50,30,25,18,21,26,14,19,27,9,13,8,11,11,10,519
10774,113,57,45,45,39,19,22,21,22,19,24,18,10,12,14,8,6,17,515
10780,103,58,55,52,24,26,16,20,28,14,15,24,10,16,14,11,7,11,516
10774,103,63,61,47,25,23,24,18,23,16,20,13,12,15,15,14,9,10,515
10778,107,63,54,46,27,25,28,15,25,12,13,16,17,16,12,9,15,8,514
10781,107,59,61,37,31,26,26,21,15,17,21,9,14,18,10,10,12,10,515
10784,105,71,48,38,31,27,24,20,15,17,14,18,13,15,14,8,13,12,513
10777,107,76,48,45,23,30,22,24,21,13,12,22,9,17,9,11,10,11,513
10781,103,74,55,37,28,25,23,21,24,10,14,22,17,14,10,10,3,7,522
10784,105,73,48,47,16,25,35,15,28,18,8,13,15,14,12,11,7,10,516
10792,101,65,59,34,23,22,30,28,21,14,15,14,13,12,12,13,14,4,514
10797,91,70,55,47,23,23,26,28,12,24,15,11,13,10,13,7,16,11,508
10790,101,66,57,45,27,22,22,24,20,18,19,13,9,11,13,12,10,12,509
10791,97,71,59,36,31,23,23,20,22,19,11,19,12,16,7,8,12,9,514
10795,94,78,48,42,29,22,16,23,26,18,20,10,14,15,9,8,10,15,508
10793,98,74,58,33,25,23,25,23,19,17,21,13,16,11,11,10,10,15,505
10797,94,76,54,29,34,27,21,23,17,20,14,18,13,14,13,8,7,13,508
10799,97,71,49,40,31,31,18,18,21,14,14,16,9,21,15,5,17,5,509
10799,96,74,48,49,22,29,17,15,21,25,11,15,10,18,8,6,15,15,507
10802,95,74,47,44,31,23,23,15,19,19,15,12,11,13,12,11,16,12,506
10797,101,70,51,43,29,25,17,24,18,15,17,11,15,16,6,13,15,9,508
10800,104,60,59,37,38,22,23,9,23,21,6,15,14,16,12,13,16,7,505
10800,102,61,59,38,35,26,21,15,20,16,15,13,14,12,13,16,16,8,500
10796,105,59,62,34,42,27,16,20,19,8,17,14,15,12,17,15,13,9,500
10799,104,61,65,29,35,29,20,20,15,21,9,15,9,14,15,13,14,12,501
10802,107,56,66,29,32,26,22,22,27,10,11,12,15,13,11,14,9,9,507
10805,103,54,67,36,30,29,18,23,18,13,16,11,14,10,18,7,13,11,504
10803,103,70,54,41,28,25,21,25,13,18,19,11,14,8,7,13,13,7,507
10807,103,68,53,42,27,22,27,17,14,25,16,11,12,7,14,12,17,13,493
10813,94,70,55,36,30,24,24,19,21,23,10,15,10,14,11,16,9,8,498
10816,98,59,54,40,32,26,28,14,22,15,17,13,16,10,11,12,12,10,495
10816,101,63,50,33,41,20,30,16,21,21,11,14,16,10,11,13,13,4,496
10815,103,65,44,37,40,20,26,24,19,19,14,9,17,14,12,12,5,3,502
10822,99,60,56,28,35,29,18,30,16,18,11,14,10,11,14,11,12,8,498
10821,98,56,62,33,32,23,27,26,18,15,11,15,8,13,13,15,6,10,498
10827,92,58,59,34,28,31,22,25,14,19,16,14,15,11,7,13,10,8,497
10826,93,61,50,40,30,25,29,20,21,15,15,13,16,11,11,8,14,8,494
10828,91,64,52,44,23,26,24,27,18,14,15,12,11,15,11,8,16,9,492
10829,92,59,51,41,32,26,25,28,16,12,19,12,10,12,10,9,19,8,490
10831,91,60,55,36,30,29,31,24,13,16,17,9,12,10,15,9,12,12,488
10829,91,61,54,40,32,33,28,16,17,19,13,9,8,14,10,13,7,14,492
10830,88,64,55,37,28,42,24,23,15,14,13,9,11,14,10,9,14,13,487
10831,93,52,65,30,31,34,33,23,18,9,13,13,10,12,10,16,14,4,489
10833,85,67,54,31,32,32,31,21,26,13,8,13,8,12,9,16,10,7,492
10834,94,57,51,40,21,38,34,18,24,11,11,15,8,10,11,10,8,11,494
10835,93,56,49,39,30,33,36,17,22,13,11,15,13,12,5,10,7,9,495
10838,89,62,49,39,28,31,29,25,16,14,19,16,11,9,7,10,10,7,491
10835,94,58,51,37,34,32,26,21,16,21,18,17,9,9,10,7,8,13,484
10837,92,61,47,41,37,28,21,19,23,16,19,11,12,9,12,11,10,8,486
10835,101,56,44,43,30,35,21,25,22,11,14,12,14,9,13,10,13,7,485
10845,90,58,52,30,37,28,22,28,18,13,11,18,11,14,13,12,9,12,479
10846,89,63,51,24,36,34,27,16,22,17,13,14,10,12,12,7,11,17,479
10844,90,69,44,32,34,29,26,22,20,14,15,10,16,11,10,10,12,6,486
10846,86,70,43,38,34,25,27,21,15,13,19,13,11,21,7,11,8,6,486
10853,81,60,52,40,31,30,22,22,18,15,12,14,18,12,15,6,7,5,487
10852,82,65,49,36,37,29,24,16,20,16,15,10,16,14,7,8,16,4,484
10856,72,73,47,33,39,31,23,17,16,22,15,11,15,10,11,9,9,8,483
10853,78,70,42,35,42,25,25,23,18,18,16,12,17,8,11,9,12,5,481
10857,74,66,47,38,38,27,25,18,23,21,10,12,13,13,13,3,8,11,483
10851,82,69,48,37,34,24,23,27,17,17,14,16,14,11,8,12,4,6,486
10850,87,64,44,48,34,19,26,25,19,18,8,6,21,11,11,12,8,9,480
10859,84,63,43,38,38,27,19,31,14,14,15,11,13,10,12,11,11,8,479
10858,89,57,53,40,30,25,21,24,25,12,11,15,10,12,12,9,11,7,479
10860,84,61,50,41,35,27,18,22,19,16,14,12,12,14,14,11,7,8,475
10863,92,49,46,41,42,27,19,22,17,13,15,14,12,13,13,11,6,5,480
10861,90,54,46,39,44,25,22,19,20,11,18,7,15,11,10,16,5,10,477
10864,87,59,41,41,38,28,27,14,17,17,16,8,13,11,9,18,11,7,474
10865,88,53,48,40,41,24,20,23,18,15,14,12,10,7,9,19,15,5,474
10869,84,52,49,42,35,26,24,26,14,17,18,5,11,6,12,12,15,6,477
10868,83,63,40,43,35,28,21,23,15,20,16,10,10,7,4,10,15,15,474
10869,75,67,44,43,38,24,26,20,19,9,20,8,9,13,6,11,13,12,474
10871,74,66,53,34,31,32,25,24,13,18,14,11,5,11,5,15,13,10,475
10874,73,61,48,44,36,28,22,17,21,18,18,6,11,7,5,13,9,12,477
10871,78,64,49,40,37,30,22,13,21,18,17,13,3,11,9,10,6,6,482
10871,85,62,44,43,29,34,21,17,19,19,12,10,10,14,8,9,9,6,478
10870,78,67,47,45,31,27,25,20,16,14,17,11,7,10,11,15,6,8,475
10871,87,61,46,36,34,32,24,24,11,13,18,10,5,15,11,10,7,13,472
10869,92,54,49,38,32,33,24,20,15,14,19,13,8,8,6,10,13,20,463
10869,90,62,47,36,39,22,23,21,17,13,18,14,10,10,7,5,15,13,469
10873,86,64,44,41,34,22,24,22,19,8,17,19,14,5,8,10,12,8,470
10877,84,69,43,33,36,22,18,28,14,14,20,19,8,9,8,14,8,9,467
10875,87,62,50,36,31,24,21,18,21,17,8,24,15,10,11,10,10,13,457
10876,86,56,54,38,34,20,24,19,18,22,18,13,12,13,8,8,12,10,459
10882,81,63,49,39,28,22,23,25,17,16,15,21,12,9,4,12,14,8,460
10882,82,60,48,46,28,22,18,27,20,17,13,15,9,11,13,6,12,8,463
10881,84,70,45,42,19,29,23,26,15,16,12,15,8,14,9,8,13,11,460
10884,82,61,51,38,38,16,29,23,17,13,13,17,7,6,13,12,4,13,463
10888,82,61,49,35,34,28,22,16,21,16,13,15,12,6,13,12,9,9,459
10890,74,70,49,30,42,17,30,15,16,14,14,13,14,11,11,11,8,9,462
10889,76,75,38,33,39,23,27,17,13,14,14,12,18,12,11,11,9,11,458
10889,79,67,41,38,34,29,20,17,18,18,13,10,13,15,11,11,10,9,458
10886,82,69,44,35,33,29,23,18,13,20,11,12,11,11,16,10,8,13,456
10890,86,62,40,38,39,24,17,23,19,15,8,11,18,10,13,14,9,8,456
10888,89,61,37,47,32,23,24,22,14,11,13,15,15,8,12,11,15,9,454
10889,84,63,46,41,33,22,20,20,17,13,16,8,16,13,13,10,12,10,454
10892,84,63,42,41,31,32,12,19,17,16,15,14,13,8,13,13,8,12,455
10893,78,68,44,37,31,31,16,18,9,23,19,8,13,7,17,17,7,15,449
10892,76,65,52,36,24,30,26,17,15,15,19,11,10,9,7,19,12,13,452
10891,87,55,49,38,30,25,20,21,13,22,15,13,11,7,11,15,14,7,456
10889,86,60,54,26,34,30,16,20,14,23,12,15,14,11,10,14,10,6,456
10894,89,60,45,27,35,28,17,16,21,17,17,14,13,10,13,11,15,3,455
10895,90,62,44,28,28,29,19,18,18,19,13,17,12,12,12,10,12,6,456
10899,88,64,36,29,36,28,19,15,17,14,15,20,14,16,11,8,4,13,454
10900,84,63,38,33,29,29,26,16,19,13,13,21,13,13,9,11,6,10,454
10900,84,61,43,30,32,25,28,14,17,20,15,16,16,10,10,10,7,11,451
10905,83,56,46,32,27,36,18,14,24,18,13,22,10,9,10,10,9,6,452
10903,87,58,41,38,29,25,21,23,20,13,15,14,12,13,9,12,9,7,451
10901,89,57,43,41,28,25,19,25,15,15,25,9,12,12,6,9,9,11,449
10903,87,60,41,37,28,30,22,16,17,19,18,17,6,14,8,13,7,4,453
10902,84,68,37,40,32,20,22,15,23,21,16,14,10,11,7,8,13,8,449
10908,81,60,44,37,29,21,25,15,21,20,15,13,17,10,6,9,11,12,446
10907,80,70,41,35,29,19,20,16,24,13,20,19,10,17,3,12,8,9,448
10912,74,66,45,37,29,21,21,14,19,18,19,17,13,11,8,11,6,7,452
10911,81,59,44,39,27,24,20,18,15,18,20,13,14,12,14,5,8,11,447
10912,84,58,43,31,36,20,19,23,15,20,13,17,13,9,13,12,9,9,444
10911,92,48,48,35,28,24,18,16,17,20,15,18,15,11,15,6,8,9,446
10907,98,49,45,40,24,18,25,17,18,13,18,20,11,14,14,7,7,10,445
10914,91,45,49,36,32,17,12,25,22,24,11,9,16,12,13,9,11,11,441
10916,89,55,37,33,37,15,19,21,20,22,20,11,10,16,9,5,10,12,443
10914,94,49,43,34,27,13,25,25,26,15,18,17,11,10,10,10,6,5,448
10920,87,51,42,38,28,18,25,18,20,22,12,16,9,13,9,7,8,9,448
10922,83,58,39,30,34,18,22,20,24,15,19,13,14,7,12,5,9,11,445
10925,85,58,36,29,39,14,20,19,23,14,25,12,9,7,14,7,7,15,442
10928,84,54,41,31,26,26,15,24,21,14,21,11,8,8,14,11,9,10,444
10927,83,57,37,35,25,27,16,26,18,16,15,18,7,12,11,6,11,8,445
10935,73,57,45,27,30,26,20,19,14,20,18,14,12,8,20,4,3,10,445
10932,80,55,45,26,29,27,20,16,17,22,13,18,8,6,17,6,8,9,446
10927,89,56,37,30,31,23,22,17,24,15,12,13,13,10,8,10,10,10,443
10931,85,59,29,38,27,21,22,18,28,13,13,14,17,10,10,7,5,7,446
10929,87,53,33,41,34,17,17,21,25,11,16,17,15,8,7,6,9,8,446
10928,91,52,37,32,35,18,19,18,24,13,21,16,12,6,8,5,8,12,445
10934,82,53,48,19,39,24,17,22,11,18,18,12,16,8,9,11,6,13,440
10928,90,56,40,26,34,26,18,22,11,11,24,15,12,7,12,10,7,7,444
10942,75,52,40,32,28,31,21,17,12,20,12,19,8,11,15,6,9,9,441
10938,75,57,41,30,29,27,25,17,14,21,10,14,15,12,8,10,11,5,441
10938,81,56,38,32,28,20,27,19,19,13,14,13,14,11,13,14,7,4,439
10940,84,48,42,31,19,36,24,17,20,9,14,13,19,10,16,9,5,9,435
10938,93,40,38,40,21,27,26,25,11,15,9,17,11,13,13,8,13,7,435
10939,91,47,35,37,23,24,29,20,18,14,9,15,12,10,18,5,11,8,435
10942,84,51,37,36,24,26,19,24,22,8,11,16,14,9,12,11,11,9,434
10939,87,48,41,35,30,20,23,22,20,11,11,13,10,16,7,6,13,14,434
10942,84,53,39,36,26,23,22,23,14,15,10,15,11,14,10,3,12,16,432
10943,75,62,40,32,29,24,23,16,15,20,10,14,11,18,7,8,10,9,434
10946,79,54,40,37,28,21,25,15,15,12,17,16,10,15,12,9,7,7,435
10949,73,55,45,33,29,23,19,25,9,16,18,14,8,11,13,11,5,9,435
10950,74,55,42,39,21,22,25,17,21,13,15,14,9,14,9,7,9,7,437
10949,75,59,39,39,21,28,19,19,16,13,16,15,7,18,10,9,11,2,435
10949,78,61,34,36,27,22,24,20,13,17,13,13,9,11,11,13,10,3,436
10954,75,59,36,35,27,25,21,14,16,13,23,11,8,8,11,10,14,7,433
10956,74,58,43,28,29,23,20,14,18,15,14,21,10,5,13,8,13,9,429
10957,73,58,42,34,21,27,17,16,12,23,13,16,12,10,10,10,11,8,430
10956,74,59,42,33,19,30,17,13,19,18,13,12,15,9,10,9,14,10,428
10960,74,56,41,26,30,24,22,11,17,18,12,13,22,7,8,9,10,14,426
10961,78,53,42,25,29,26,19,11,10,24,14,16,13,11,10,11,10,11,426
10963,72,58,40,34,21,26,18,14,15,15,16,13,16,10,9,14,9,13,424
10961,80,53,40,27,31,21,19,15,10,27,13,8,16,9,8,10,13,10,429
10968,74,53,37,33,27,18,20,12,22,15,13,13,14,15,11,7,9,11,428
10972,70,55,40,30,27,16,16,17,18,21,13,10,13,17,8,10,12,8,427
10968,76,51,44,36,21,18,14,17,19,12,22,14,7,12,16,9,10,7,427
10961,81,51,38,43,22,20,19,11,22,13,21,13,13,7,16,14,7,5,423
10962,84,50,36,38,26,15,25,13,18,19,17,12,12,6,19,8,9,5,426
10965,80,51,44,32,28,19,15,12,23,21,13,13,14,5,14,10,10,9,422
10960,90,48,45,34,19,25,14,12,22,19,22,10,14,8,10,8,9,10,421
10960,90,51,40,39,14,23,17,16,18,14,21,14,20,11,6,5,8,13,420
10966,87,46,38,37,21,23,18,15,19,18,15,10,18,8,12,10,7,5,427
10963,89,48,41,32,20,22,24,12,18,17,12,15,17,16,8,6,7,8,425
10966,84,58,36,29,20,23,21,18,17,16,12,17,18,14,7,6,6,10,422
10968,85,55,39,26,22,25,21,16,15,15,16,12,15,19,8,7,7,6,423
10967,82,62,36,23,31,23,14,14,19,16,19,15,12,16,3,12,3,12,421
10974,77,60,40,25,18,28,19,12,22,16,20,13,9,10,10,7,4,15,421
10974,77,64,36,29,20,16,18,22,21,16,16,13,8,10,10,9,7,11,423
10975,78,63,36,26,24,14,21,16,24,16,12,10,17,8,12,8,4,8,428
10975,72,69,34,29,22,21,17,17,18,14,19,10,9,9,15,9,6,8,427
10971,77,67,36,27,25,19,18,12,19,21,16,11,14,6,16,8,5,7,425
10972,78,65,35,30,28,17,19,12,17,20,16,10,12,8,10,13,11,9,418
10973,78,65,31,42,20,18,17,15,18,15,17,14,10,10,6,8,11,12,420
10977,79,62,31,36,23,18,16,21,11,19,14,16,14,10,8,4,10,11,420
10975,81,57,36,34,25,20,16,16,20,16,16,14,12,10,13,6,10,9,414
10977,81,57,39,30,25,15,20,18,17,19,12,12,12,12,19,7,5,9,414
10977,80,61,34,31,22,20,18,19,13,21,13,11,16,8,21,12,5,6,412
10980,71,68,37,30,19,22,13,24,14,16,12,10,20,14,13,15,7,5,410
10982,76,57,43,28,20,23,13,20,11,20,17,14,16,11,12,10,5,9,413
10978,82,51,47,32,21,16,20,18,12,17,22,11,13,12,13,8,5,8,414
10979,75,57,41,40,22,20,14,13,17,17,14,17,16,9,11,14,5,6,413
10984,69,63,38,37,24,18,11,21,12,17,16,11,13,15,9,19,10,8,405
10982,76,54,40,33,27,20,14,16,19,16,10,12,17,12,11,12,11,9,409
10985,73,57,36,37,22,19,24,16,21,11,8,14,13,14,13,10,14,6,407
10991,69,53,46,28,19,22,21,15,16,19,15,16,10,12,11,11,14,6,406
10987,75,47,47,31,21,22,17,12,19,17,20,13,13,11,10,12,11,11,404
10984,81,46,48,26,25,21,16,15,20,18,14,15,16,13,9,10,8,9,406
10990,77,52,40,23,29,20,16,17,20,17,13,16,12,12,10,15,11,4,406
10984,80,59,37,23,33,19,17,15,16,17,15,13,14,7,14,16,8,5,408
10990,72,53,46,23,33,18,16,21,13,17,19,11,8,13,11,14,8,5,409
10991,72,55,44,24,31,22,18,17,15,9,18,16,7,18,12,8,8,6,409
10992,68,65,38,22,28,30,16,21,14,8,10,18,9,11,16,8,8,10,408
10996,68,57,42,24,26,29,15,25,13,10,11,14,12,6,15,9,7,7,414
10990,80,56,33,25,27,29,24,16,14,13,11,12,8,10,11,13,8,5,415
10991,80,60,29,28,26,25,24,15,15,18,11,7,9,14,11,10,7,8,412
10991,78,60,35,24,28,22,26,15,17,17,12,8,6,10,13,11,13,5,409
10993,76,56,43,21,28,23,33,10,17,12,7,12,7,6,15,12,10,8,411
10998,73,51,40,33,29,25,25,14,13,13,12,8,3,11,14,10,11,12,405
11003,71,50,39,30,33,24,22,18,12,12,11,8,9,6,11,10,11,13,407
11005,67,54,36,32,26,23,33,15,9,14,11,5,8,9,15,11,10,10,407
11005,67,53,41,28,25,33,24,20,11,11,5,10,7,10,12,12,13,11,402
11003,70,51,44,26,29,30,22,18,13,13,6,8,10,8,13,12,9,13,402
10998,74,57,37,30,32,20,25,18,14,14,11,7,4,9,17,12,8,9,404
10997,74,59,40,27,27,24,27,17,13,12,11,10,5,14,11,12,10,7,403
11002,70,56,35,35,22,27,27,17,16,10,13,11,5,13,12,10,13,7,399
10998,78,52,39,31,24,28,27,15,12,14,15,9,4,13,14,14,9,8,396
11003,74,49,34,39,28,21,26,16,14,13,16,7,8,10,11,15,10,5,401
11003,77,47,38,36,25,25,23,21,11,12,8,12,10,11,16,11,8,6,400
11004,81,41,37,35,28,21,23,25,13,12,9,7,10,9,12,13,9,9,402
11002,85,35,33,40,33,20,22,24,15,11,13,9,7,11,6,12,14,6,402
11003,85,32,36,41,29,20,24,25,19,8,9,10,8,8,10,11,13,7,402
11008,77,34,39,38,25,24,30,20,16,11,13,9,5,13,10,10,9,10,399
11009,75,37,35,39,27,23,26,22,18,11,14,7,8,8,14,9,8,7,403
11007,75,39,42,35,30,26,19,25,13,10,14,8,7,11,9,9,8,10,403
11008,76,39,36,42,28,28,25,14,15,10,9,13,10,14,9,8,5,6,405
11008,72,44,35,38,31,27,21,21,14,9,11,11,12,14,9,5,5,5,408
11006,70,53,33,36,35,21,22,23,12,13,12,8,10,11,12,7,6,6,404
11007,72,46,35,40,22,38,12,21,19,13,13,11,10,11,7,4,8,7,404
11014,65,49,35,39,27,25,21,17,20,10,14,14,10,9,8,5,8,7,403
11013,68,48,39,31,36,17,27,20,13,9,13,11,14,8,9,8,5,9,402
11015,65,50,39,33,32,21,20,22,16,13,11,8,8,10,10,9,5,8,405
11007,75,47,42,30,32,25,17,21,20,14,9,5,9,8,12,8,5,8,406
11011,72,48,36,34,28,28,22,19,15,17,9,5,9,10,10,9,4,7,407
11006,75,52,29,35,35,24,23,24,10,13,8,13,14,4,4,10,6,10,405
11014,73,44,35,32,28,35,18,20,13,14,8,12,13,5,9,10,6,7,404
11016,72,42,37,32,27,33,16,24,12,15,12,11,10,11,3,12,4,11,400
11023,67,40,35,33,26,30,28,15,13,15,10,9,13,13,3,12,5,8,402
11022,68,39,31,40,23,34,21,17,11,14,12,12,17,10,6,10,6,9,398
11016,73,41,32,39,30,25,23,18,12,11,11,15,15,8,4,14,4,12,397
11019,72,36,37,44,21,25,23,17,17,10,18,14,11,6,4,13,7,14,392
11022,65,50,29,37,29,20,23,17,12,19,11,19,6,10,7,10,10,6,398
11019,67,43,45,34,26,22,25,11,15,17,15,12,12,8,7,8,7,5,402
11021,67,47,34,35,31,26,18,17,13,14,16,13,11,9,9,8,6,3,402
11018,73,49,30,36,29,24,24,13,13,10,16,15,7,17,11,5,10,1,399
11019,73,51,25,38,28,25,26,10,11,9,16,15,10,12,13,6,11,4,398
11024,67,55,24,37,28,23,24,17,7,10,16,11,13,12,11,5,15,8,393
11026,72,52,26,30,29,26,21,13,9,12,16,14,16,11,8,9,8,7,395
11027,71,45,35,26,33,24,21,12,14,12,16,14,16,5,7,10,10,9,393
11033,68,42,33,30,30,26,17,13,16,18,18,8,9,7,5,16,9,8,394
11027,72,48,32,29,29,28,15,14,18,19,11,12,8,8,5,13,13,7,392
11030,70,48,31,32,30,23,18,17,14,12,15,10,12,11,8,8,13,4,394
11028,74,46,29,36,30,19,17,30,9,10,11,12,12,12,8,8,6,10,393
11032,70,43,33,36,31,15,26,15,17,7,15,9,8,14,7,10,12,7,393
11038,65,42,30,37,32,23,17,18,13,11,13,8,11,8,12,8,13,10,391
11036,70,40,36,30,33,16,24,17,13,11,14,12,10,7,11,12,9,4,395
11039,70,43,31,27,33,21,22,15,15,12,11,8,10,14,12,6,5,7,399
11037,70,44,29,32,27,30,20,13,15,12,9,13,11,14,8,3,7,9,397
11038,63,49,34,34,27,25,16,19,17,10,11,11,11,11,10,6,4,9,395
11040,65,49,29,32,37,18,17,16,16,12,14,10,10,10,9,10,5,8,393
11042,64,44,32,36,28,24,20,17,11,15,10,12,8,11,9,14,3,2,398
11039,68,37,39,39,24,27,22,11,17,13,10,12,5,12,8,15,7,5,390
11040,65,45,35,37,28,25,20,18,10,13,11,6,9,10,10,12,8,6,392
11035,70,45,36,32,29,24,21,24,9,11,6,8,14,13,10,9,9,5,390
11032,74,44,39,34,27,23,21,16,16,11,12,7,11,13,5,8,9,3,395
11034,77,39,39,36,30,20,16,16,13,17,15,7,3,15,10,9,9,6,389
11040,69,47,34,33,32,23,18,14,14,10,16,10,4,8,9,13,9,7,390
11042,71,44,32,39,22,29,18,20,9,12,9,9,3,11,16,11,3,8,392
11044,69,45,31,34,24,37,15,19,8,12,5,12,7,11,10,10,7,8,392
11043,70,40,34,39,25,29,21,14,11,12,10,7,8,8,12,11,7,4,395
11038,77,36,41,27,39,20,18,21,10,9,6,13,7,8,14,9,8,5,394
11035,83,33,42,29,33,28,17,10,17,7,8,12,8,9,14,9,6,1,399
11037,82,35,36,34,27,31,16,12,17,9,9,8,10,9,12,9,11,3,393
11039,81,37,34,32,32,24,17,18,12,9,7,8,10,12,8,12,7,5,396
11050,72,34,35,35,28,27,19,14,7,17,6,7,8,14,9,8,6,7,397
11052,72,33,34,37,28,25,17,13,9,18,6,7,8,12,9,8,7,8,397
11048,73,33,41,34,30,19,19,13,11,14,8,8,11,9,12,11,9,4,393
11046,77,30,46,32,27,26,12,14,13,12,7,5,10,16,11,8,10,7,391
11050,70,38,45,24,29,25,14,13,15,11,7,5,15,11,9,7,10,9,393
11051,74,34,38,35,28,21,19,13,13,8,10,9,7,12,14,4,6,8,396
11053,70,37,38,35,24,26,14,18,12,5,10,9,10,7,18,8,5,6,395
11054,70,40,38,34,23,21,18,18,7,10,13,5,10,8,12,10,8,6,395
11053,71,37,39,33,29,19,16,12,13,11,15,5,10,8,14,5,10,7,393
11046,77,42,37,32,24,24,16,12,11,10,11,13,7,6,15,8,9,6,394
11054,68,43,39,33,19,22,16,14,13,13,14,8,8,7,12,9,8,5,395
11059,67,43,33,29,27,21,16,14,13,9,17,13,8,9,9,1,7,12,393
11058,70,42,36,26,29,18,15,15,8,17,17,12,10,8,5,5,5,8,396
11056,68,43,44,24,23,20,14,13,17,14,14,11,11,7,6,6,5,10,394
11059,63,47,41,23,26,18,16,11,19,16,11,11,10,9,7,5,7,10,391
11057,72,43,34,27,24,17,19,12,17,16,11,14,11,8,9,4,7,9,389
11058,73,45,34,25,19,22,16,13,13,18,13,12,11,10,10,2,7,7,392
11059,72,43,34,20,29,19,15,15,16,20,14,9,10,10,5,6,6,8,390
11054,73,43,35,23,31,15,17,23,12,13,17,10,9,11,8,6,6,4,390
11061,66,46,33,25,27,13,21,16,13,17,17,9,14,8,9,5,6,6,388
11062,64,46,33,28,20,20,22,17,6,23,17,10,10,7,9,7,3,5,391
11060,71,40,33,31,16,30,17,11,14,19,15,8,12,10,10,7,0,4,392
11057,71,44,33,24,22,24,25,6,23,15,11,12,7,11,13,3,4,8,387
11059,74,41,31,22,28,23,17,18,20,13,13,13,9,5,11,5,4,4,390
11063,71,41,35,23,24,24,17,23,9,16,10,12,9,5,13,5,5,4,391
11060,76,38,37,21,26,21,23,15,15,18,8,10,8,8,9,9,3,5,390
11065,70,41,31,25,25,27,18,16,20,10,13,9,4,8,12,5,5,7,389
11065,72,42,25,35,18,28,22,13,14,14,10,13,2,9,7,9,3,8,391
11069,68,39,30,32,24,26,16,15,17,15,8,9,4,10,9,8,2,8,391
11068,67,39,32,32,27,20,21,16,14,15,9,8,9,8,5,9,5,7,389
11076,56,42,36,29,25,25,19,18,10,12,10,7,5,12,9,7,5,7,390
11074,63,35,41,30,21,23,19,21,10,12,6,9,9,8,11,7,5,8,388
11074,62,36,39,33,25,18,26,13,10,13,7,10,4,9,8,9,7,9,388
11079,61,35,34,34,31,21,24,8,7,13,9,10,5,8,9,8,7,10,387
11083,57,32,39,35,29,25,17,13,7,10,7,13,6,10,6,10,4,11,386
11082,57,34,39,36,26,21,19,17,6,9,9,11,5,7,12,6,5,8,391
11080,58,38,41,32,23,25,15,20,6,9,12,8,8,9,11,5,4,5,391
11080,58,36,42,33,26,20,21,15,9,12,9,9,8,6,7,6,9,4,390
11081,60,36,41,34,25,19,22,12,13,12,5,11,9,6,3,7,7,6,391
11083,57,38,43,33,24,16,21,19,13,7,8,6,11,5,4,6,7,6,393
11080,62,39,39,30,29,19,21,19,8,9,7,10,5,7,8,5,6,5,392
11079,66,35,42,30,26,25,15,17,10,11,7,8,7,7,5,8,9,3,390
11081,64,35,41,35,18,24,20,16,9,14,9,4,6,10,6,8,11,1,388
11077,64,36,39,39,17,28,17,17,11,13,9,6,1,9,7,7,8,10,385
11075,66,44,34,30,29,22,18,21,9,6,13,6,3,8,7,7,10,7,385
11074,70,41,35,34,27,23,19,12,14,8,8,6,5,10,10,6,7,4,387
11078,68,39,37,35,21,25,20,13,10,11,10,6,8,8,5,6,8,5,387
11085,57,45,32,37,23,20,19,18,6,14,11,6,7,8,5,5,7,7,388
11083,61,41,39,29,26,23,22,7,10,14,12,7,6,9,7,4,6,9,385
11079,66,44,31,33,31,20,19,11,9,16,8,5,9,5,8,7,7,7,385
11084,61,43,33,31,30,24,12,14,13,14,7,8,4,5,10,11,3,6,387
11084,62,40,35,36,30,18,13,17,14,12,6,7,6,8,5,7,7,8,385
11086,61,38,34,40,31,21,8,19,10,10,9,7,6,12,7,1,7,7,386
11085,59,45,34,38,30,17,13,15,14,8,7,7,6,12,7,4,4,6,389
11083,62,42,33,39,32,17,11,19,6,13,6,8,7,11,7,7,6,3,388
11082,67,38,31,45,27,18,17,11,11,9,7,10,5,8,5,9,10,3,387
11084,65,41,33,38,30,16,12,18,9,8,10,4,10,12,4,7,5,6,388
11083,66,40,37,40,27,14,16,15,12,2,12,5,8,9,7,7,10,3,387
11084,67,38,35,42,25,18,16,13,7,10,11,5,9,9,6,8,8,4,385
11088,59,42,37,41,27,15,17,10,9,10,8,7,10,8,11,4,8,3,386
11087,62,43,39,39,26,11,19,9,11,10,6,8,11,7,10,3,9,4,386
11084,62,46,40,41,21,17,14,10,12,9,7,10,7,7,9,6,5,6,387
11083,64,42,43,41,23,13,17,12,11,10,8,7,6,8,8,4,5,9,386
11087,58,45,46,38,24,13,15,15,9,10,6,8,7,6,5,11,7,7,383
11083,63,47,41,36,26,14,18,11,15,8,3,7,10,4,8,8,14,7,377
11085,63,48,44,26,27,18,14,11,11,12,8,7,8,7,13,5,9,6,378
11087,60,58,33,30,29,12,15,11,11,12,10,5,11,8,6,8,10,7,377
11090,59,57,37,27,23,16,11,16,13,9,8,10,8,7,7,10,10,5,377
11096,58,50,39,25,18,23,12,14,14,13,7,10,5,7,9,11,7,5,377
11094,63,47,37,25,20,21,18,13,10,12,10,9,6,8,8,7,5,8,379
11089,69,45,33,30,25,23,13,8,12,11,8,13,6,8,12,6,5,7,377
11092,69,45,30,27,28,22,12,10,13,10,9,8,8,8,11,8,10,7,373
11092,71,44,30,29,28,17,16,10,12,9,7,12,6,6,9,8,6,9,379
11095,67,44,36,25,26,13,15,14,11,10,12,4,12,5,7,9,6,9,380
11093,70,47,29,34,20,13,16,16,8,13,11,8,6,5,6,10,4,7,384
11094,65,45,35,33,24,15,12,16,12,12,7,8,5,9,2,11,5,3,387
11095,65,44,34,31,24,17,14,17,8,13,11,3,8,5,4,11,6,5,385
11092,74,42,30,26,32,13,16,13,12,12,9,6,5,5,6,9,8,10,380
11097,68,44,32,30,25,10,16,15,13,10,8,8,8,8,5,5,9,9,380
11096,65,52,31,33,15,17,14,15,9,9,10,9,10,8,2,7,9,11,378
11097,68,49,27,28,23,18,14,12,14,7,9,9,10,10,5,6,9,7,378
11101,64,47,33,24,24,17,16,12,12,14,4,7,10,10,4,8,8,10,375
11099,69,41,37,27,18,15,19,17,12,9,6,6,8,9,10,8,8,11,371
11098,70,45,35,26,16,13,19,20,14,7,5,7,7,10,11,5,9,11,372
11099,66,51,35,23,18,15,13,23,13,8,7,6,3,10,14,3,7,9,377
11095,72,50,30,27,20,14,15,17,11,12,8,6,7,8,11,6,3,12,376
11100,67,53,27,23,24,16,13,23,5,10,8,8,9,8,8,5,3,15,375
11099,67,54,26,29,16,23,12,14,8,11,9,13,6,9,5,8,4,14,373
11101,66,52,27,30,15,25,13,8,13,11,12,11,1,9,8,6,8,12,372
11104,62,48,30,33,13,23,18,7,13,14,8,10,2,9,5,7,9,12,373
11104,65,50,27,31,12,21,16,14,10,15,11,6,5,9,2,10,8,10,374
11103,70,44,28,33,10,21,17,17,10,12,11,4,6,10,4,6,7,11,376
11113,63,42,29,26,15,20,23,6,14,15,7,5,6,12,2,9,8,13,372
11110,65,42,25,31,19,16,20,13,10,10,13,6,4,12,4,10,7,10,373
11112,62,40,30,24,25,16,16,16,12,8,9,10,6,11,2,10,8,10,373
11111,61,43,30,23,26,18,19,9,15,7,12,8,4,12,7,10,5,5,375
11111,66,42,21,25,32,17,15,14,10,12,8,9,4,17,5,5,6,9,372
11110,67,40,24,29,23,20,15,15,15,5,9,8,10,12,5,4,7,6,376
11109,65,43,24,30,19,24,18,14,10,7,8,7,7,10,11,7,6,5,376
11110,63,43,28,25,23,22,19,13,12,6,5,7,10,9,9,7,8,4,377
11109,69,41,27,25,23,23,15,13,9,7,10,8,6,10,9,8,7,6,375
11112,68,37,32,25,23,21,17,13,6,4,8,12,5,13,7,9,5,7,376
11114,65,36,37,24,20,25,12,13,6,8,10,5,5,14,8,9,6,5,378
11114,65,39,36,31,14,20,12,13,9,10,6,8,6,9,9,10,6,4,379
11112,65,44,35,23,20,17,9,19,11,7,7,7,6,11,7,11,7,3,379
11114,67,39,33,31,20,11,13,15,13,6,8,5,7,11,9,9,5,3,381
11115,62,46,28,26,22,20,11,13,13,9,6,6,9,10,9,6,5,4,380
11111,64,46,32,29,19,15,15,10,15,7,7,9,12,6,9,9,2,4,379
11115,64,44,28,33,21,11,14,15,12,8,5,11,12,4,10,5,5,5,378
11116,66,39,32,25,24,15,16,14,8,10,7,12,6,8,6,8,7,3,378
11120,62,42,32,26,17,16,17,15,7,12,6,8,10,9,4,5,11,5,376
11116,65,43,29,27,21,14,18,15,9,9,9,9,4,7,13,6,7,1,378
11121,59,48,22,29,23,13,14,17,9,13,8,7,6,5,13,5,6,4,378
11122,59,47,22,32,21,13,16,13,9,12,7,10,8,4,10,8,5,4,378
11120,62,44,30,23,22,17,11,12,10,12,13,10,6,6,6,6,7,5,378
11120,64,46,30,21,21,14,13,12,15,8,11,12,3,9,7,4,5,8,377
11117,71,47,25,24,18,9,16,15,12,11,13,12,5,3,5,7,7,5,378
11120,65,44,35,20,18,10,14,14,16,10,12,8,8,4,6,5,5,7,379
11126,61,48,27,22,20,12,11,14,16,11,9,9,5,7,4,7,9,5,377
11123,65,46,27,25,20,15,11,13,12,13,9,5,8,6,6,5,8,9,374
11125,59,52,20,32,13,20,10,13,11,14,7,9,7,9,7,7,5,6,374
11128,61,46,21,32,18,15,10,14,9,14,7,10,8,11,4,6,9,5,372
11133,58,44,26,30,14,14,13,14,9,12,9,9,11,6,4,10,5,7,372
11132,55,47,29,30,12,14,13,9,13,10,10,13,11,6,4,8,5,7,372
11126,62,45,29,27,20,12,11,8,11,13,12,8,13,9,7,5,2,7,373
11124,60,50,28,29,13,16,11,7,15,11,10,11,8,11,7,6,5,5,373
11129,58,49,23,31,13,18,7,12,13,13,12,7,7,13,6,6,6,5,372
11132,57,49,24,28,15,15,13,9,11,9,13,9,7,9,12,6,7,5,370
11131,61,41,32,23,19,11,11,15,10,7,10,14,13,9,6,5,5,8,369
11129,65,40,29,31,13,11,11,12,14,5,11,13,12,11,7,11,4,3,368
11134,62,34,39,24,12,15,12,8,12,9,13,9,16,8,7,8,3,7,368
11132,62,40,36,18,16,18,12,11,8,7,13,11,16,8,6,5,1,10,370
11136,60,41,34,17,14,19,12,11,10,11,8,14,11,7,6,12,3,4,370
11139,60,38,32,17,12,23,13,11,13,9,7,15,12,5,6,10,2,5,371
11141,55,45,28,16,17,20,14,5,16,10,8,13,13,9,3,6,6,7,368
11137,54,49,27,15,21,18,16,8,12,7,11,16,10,7,10,6,3,4,369
11139,54,44,31,17,18,21,15,8,8,12,9,13,9,9,7,7,7,2,370
11141,49,48,26,26,14,16,16,8,11,9,11,12,12,10,10,2,6,4,369
11143,50,44,30,23,14,16,14,11,13,9,13,6,14,8,11,1,7,3,370
11143,51,44,31,20,17,15,14,9,11,14,12,7,10,9,10,5,6,3,369
11146,52,40,29,23,16,11,18,12,9,16,12,10,6,4,7,7,8,2,372
11144,54,42,27,21,17,11,14,19,9,13,13,9,6,8,5,2,8,2,376
11148,48,48,25,24,12,7,18,17,15,9,14,9,6,8,3,5,5,2,377
11145,56,41,27,22,16,6,17,20,14,11,10,10,7,2,4,4,8,5,375
11148,52,44,23,21,17,10,16,19,12,14,13,7,6,4,4,2,6,5,377
11145,61,42,21,23,14,11,20,15,11,12,9,7,9,6,5,3,4,4,378
11147,59,39,27,25,12,9,18,21,10,5,13,8,6,8,2,3,8,5,375
11149,58,37,24,26,16,14,15,14,14,7,10,6,9,5,2,7,9,4,374
11148,62,33,27,24,16,13,17,17,9,8,8,6,8,9,6,3,5,5,376
11150,60,32,31,19,16,14,14,20,9,10,8,11,5,5,7,4,3,4,378
11153,53,35,28,24,13,20,14,16,8,11,7,10,4,6,8,3,3,6,378
11150,60,36,24,21,19,13,14,19,11,9,8,7,5,5,8,2,5,6,378
11146,64,37,23,24,15,16,15,15,15,8,8,4,3,8,7,5,4,4,379
11148,64,37,21,23,16,17,16,11,15,9,6,6,6,9,6,5,1,4,380
11154,56,39,24,19,17,18,12,14,13,10,7,6,6,8,4,6,4,4,379
11156,54,36,27,21,12,23,13,13,9,10,11,4,5,6,7,7,5,4,377
11155,58,37,22,25,13,22,13,9,11,8,10,4,7,7,5,7,5,8,374
11161,54,33,24,24,20,14,9,15,15,7,6,7,6,3,9,7,7,5,374
11158,55,40,21,19,21,17,12,14,12,9,7,3,3,5,9,10,5,4,376
11157,61,35,18,25,16,20,10,11,19,9,4,3,2,6,7,9,11,7,370
11159,54,37,21,25,16,17,12,12,15,12,5,4,2,7,7,7,12,6,370
11159,58,31,26,26,18,16,6,12,18,7,8,4,4,5,6,8,7,12,369
11161,58,35,20,29,16,13,9,14,11,10,6,8,3,3,9,9,4,14,368
11159,57,35,26,23,19,13,11,12,7,15,7,5,3,2,9,9,8,16,364
11159,56,35,28,28,12,13,10,10,10,15,11,4,4,3,8,7,8,14,365
11161,54,34,33,20,14,14,11,9,13,15,7,5,4,3,8,8,5,14,368
11161,51,41,28,20,14,16,12,10,13,12,9,5,4,5,6,8,6,10,369
11162,49,46,21,19,19,13,15,11,12,7,8,6,9,4,3,10,8,8,370
11164,48,45,20,22,18,15,12,16,7,8,10,6,9,3,4,10,6,10,367
11162,52,43,21,19,19,14,14,15,6,8,11,7,8,6,6,8,7,8,366
11160,54,41,26,15,22,15,15,11,6,8,11,9,7,4,3,6,9,8,370
11158,57,38,30,17,16,17,17,8,6,8,9,8,6,6,7,12,3,7,370
11156,58,43,26,14,21,17,11,12,8,9,2,12,6,7,9,6,6,10,367
11156,60,40,24,20,17,17,13,8,12,8,7,4,7,9,7,7,8,7,369
11158,57,39,31,16,15,18,16,8,8,10,5,7,9,1,11,5,3,11,372
11160,59,38,26,19,14,19,13,11,8,9,6,8,9,5,6,5,7,7,371
11155,67,33,26,20,16,17,17,7,9,9,3,9,7,6,12,4,7,6,370
11158,60,36,32,16,15,18,14,8,11,6,5,8,8,4,13,8,5,6,369
11164,54,34,33,19,13,19,13,10,5,7,6,7,10,9,13,4,4,5,371
11165,54,38,30,19,16,12,14,10,9,5,7,8,9,5,10,9,5,9,366
11166,54,42,24,18,15,19,12,8,8,5,7,6,9,8,8,11,4,14,362
11165,56,46,20,19,12,19,12,10,7,6,6,4,10,12,8,8,3,14,363
11168,52,45,23,18,13,16,16,7,8,7,6,8,9,10,5,9,5,7,368
11168,52,48,18,17,16,14,16,6,12,9,4,9,13,5,4,5,11,6,367
11169,56,45,18,17,13,19,13,5,7,15,8,6,9,4,6,7,7,12,364
11169,57,43,19,18,19,16,7,8,9,13,6,10,4,4,8,10,5,10,365
11169,56,46,18,18,18,12,13,6,10,7,6,14,4,4,10,8,4,12,365
11167,57,47,18,20,16,13,11,7,10,8,7,9,5,8,9,6,9,7,366
11169,59,39,20,23,13,16,10,6,13,5,7,9,8,9,9,6,6,6,367
11164,63,40,23,21,12,14,12,6,15,4,5,11,10,6,5,6,13,9,361
11164,61,43,25,18,15,7,12,10,15,7,1,8,10,11,9,2,8,7,367
11166,58,45,29,15,13,10,9,9,13,7,6,8,9,9,8,3,10,6,367
11166,62,42,26,18,14,10,7,14,7,8,7,8,8,7,9,0,9,8,370
11170,59,42,29,15,13,11,8,13,7,10,5,8,6,11,6,3,5,13,366
11172,55,45,27,18,11,12,7,13,9,6,7,8,8,8,5,8,8,10,363
11173,55,47,24,15,16,9,9,10,11,8,5,8,8,8,7,9,11,4,363
11175,50,46,30,12,17,10,12,7,13,3,7,4,11,5,9,11,7,11,360
11174,52,51,22,16,15,11,11,4,14,6,9,7,6,9,4,11,5,14,359
11174,54,43,27,19,15,9,7,9,14,4,15,2,8,8,5,12,5,11,359
11175,53,42,31,16,15,8,8,13,10,7,10,9,2,11,5,10,7,6,362
11173,59,39,32,16,12,5,15,7,12,9,11,7,5,10,9,7,6,6,360
11174,58,37,32,17,10,10,12,11,10,9,9,8,10,6,8,7,5,7,360
11171,64,38,33,11,9,10,19,5,12,8,12,7,8,7,6,9,3,6,362
11170,67,37,26,16,13,14,15,6,10,7,11,10,8,3,8,7,9,4,359
11166,72,35,28,15,12,17,12,7,10,10,7,12,4,7,8,7,6,6,359
11173,62,39,27,16,13,13,14,10,6,11,10,6,7,6,7,6,10,6,358
11173,61,39,26,17,17,9,13,12,6,12,8,8,4,9,6,9,6,5,360
11177,58,39,23,20,15,11,12,12,7,12,9,8,3,6,8,9,8,2,361
11178,55,42,20,20,15,12,14,11,9,10,12,2,4,9,9,7,7,5,359
11175,59,41,23,16,19,9,14,10,11,10,8,5,3,10,7,8,8,2,362
11177,60,38,25,15,20,5,14,12,16,8,6,7,2,8,7,6,6,5,363
11173,67,32,28,18,12,12,14,8,16,8,5,9,5,7,7,2,3,8,366
11174,67,31,27,20,13,11,13,12,9,7,9,8,7,8,4,5,2,5,368
11181,62,30,25,20,15,9,13,15,8,7,9,5,8,8,2,7,6,6,364
11178,64,36,22,20,14,11,14,11,8,6,10,5,9,6,4,9,3,2,368
11179,61,41,17,22,14,11,13,13,3,9,10,7,7,7,7,7,1,5,366
11179,65,38,17,19,14,15,14,7,7,11,6,10,7,7,5,7,1,6,365
11179,65,40,17,17,14,17,11,10,8,9,5,7,9,8,7,8,3,3,363
11181,62,40,20,16,15,13,16,6,7,9,7,8,4,13,7,7,5,6,358
11179,67,35,23,22,9,14,13,6,9,8,7,8,3,13,5,6,10,3,360
11183,64,35,21,19,14,13,14,6,11,8,6,3,4,13,4,11,10,4,357
11184,62,37,22,19,12,16,9,11,8,6,5,5,6,12,7,7,9,5,358
11184,69,29,24,17,13,16,14,9,5,6,6,4,6,12,9,4,6,5,362
11181,70,32,22,18,14,15,13,8,6,6,9,1,10,11,9,5,4,5,361
11185,70,28,18,22,13,15,12,11,6,3,9,5,10,9,9,7,6,4,358
11187,69,28,19,20,13,17,10,10,7,7,4,6,9,12,7,4,7,8,356
11186,69,26,22,18,13,15,14,11,7,5,3,9,13,9,5,4,8,6,357
11183,67,29,21,20,17,14,8,10,12,2,10,4,12,11,9,3,7,3,358
11180,70,34,18,20,14,15,9,9,8,8,8,7,10,5,11,6,5,5,358
11185,64,33,21,21,14,10,14,8,11,3,6,8,8,8,13,5,4,4,360
11186,62,35,20,20,11,12,14,10,10,6,5,8,8,11,8,4,7,2,361
11184,67,29,26,18,12,10,12,12,10,5,6,8,8,11,7,5,6,3,361
11184,69,27,20,24,10,15,12,7,12,9,2,12,10,7,8,5,5,6,356
11186,63,34,19,24,11,14,9,9,13,9,3,11,10,4,9,5,5,2,360
11184,64,35,19,23,12,16,7,9,10,8,8,9,9,7,6,6,5,3,360
11188,63,32,17,24,14,12,10,10,8,9,9,11,5,9,5,3,7,7,357
11192,58,30,19,26,12,14,10,9,7,11,8,6,12,8,6,3,7,4,358
11190,60,28,27,19,15,10,12,11,7,9,6,9,10,8,7,4,6,4,358
11187,63,28,25,20,15,12,11,8,8,13,5,11,6,8,8,3,9,2,358
11199,55,23,28,19,16,12,12,9,6,10,9,7,10,9,6,4,2,4,360
11197,57,25,24,23,12,16,8,11,8,12,6,12,4,8,8,3,1,5,360
11197,56,28,21,22,14,18,5,13,12,4,6,10,9,8,4,5,7,5,356
11198,52,31,24,21,12,14,13,11,9,6,5,10,5,9,10,5,7,4,354
11197,54,34,21,17,18,12,10,11,13,6,3,9,10,10,5,6,5,7,352
11200,50,33,24,19,15,13,10,14,10,5,4,8,11,12,2,6,5,8,351
11201,53,27,27,20,12,11,14,11,9,8,1,10,9,12,7,4,7,8,349
11202,52,27,29,18,13,10,13,13,7,7,5,11,6,11,5,9,8,4,350
11203,51,25,28,23,15,9,13,7,13,5,9,8,9,7,6,8,7,7,347
11205,49,29,22,25,15,11,13,4,10,11,8,6,7,6,9,9,6,7,348
11202,57,25,24,22,17,13,11,3,11,10,5,9,6,7,5,13,6,6,348
11203,54,29,24,21,14,14,10,7,10,12,4,9,9,8,2,5,11,7,347
